0.0,0
0.0006121059389729698,1.4142135623730951
0.001073588140684525,1.4142135623730951
0.003856388279540543,0.0
0.005676947285459188,1.4142135623730951
0.006361260215860751,1.4142135623730951
0.00642993624406989,0.0
0.0064606203719907605,1.4142135623730951
0.0068173655686323085,0.0
0.006837816539409449,1.4142135623730951
0.007212591271213896,0.0
0.007841209418184109,1.4142135623730951
0.008258241171060762,0.0
0.008819754410166062,1.4142135623730951
0.009299080243408505,0.0
0.00976753703568083,1.4142135623730951
0.009805356722901962,0.0
0.011082191417135042,1.4142135623730951
0.011779678602202574,0.0
0.09608376955823669,3.0
0.09613406448789312,2.0
0.09636059050646126,3.0
0.09645847129030795,2.0
0.0965439889177546,3.0
0.09664307086813956,2.0
0.09693279885451093,3.0
0.09700240463442623,2.0
0.09703964823159611,3.0
0.09707002509294754,2.0
0.09713227978603305,3.0
0.09713848016744871,2.0
0.09725262650292349,3.0
0.09726349502456072,2.0
0.09730729822693152,3.0
0.09757085431881478,2.0
0.09761539218781927,3.0
0.09768897325294071,2.0
0.09782390266800531,3.0
0.09795645712002259,2.0
0.09819797581757382,3.0
0.09824416518535213,2.0
0.09841276368642078,3.0
0.09846429065272191,2.0
0.09850551615814958,3.0
0.0987497725238045,2.0
0.09880177114327955,3.0
0.09883531034571011,2.0
0.09893657583268578,3.0
0.09894860770675368,2.0
0.0990531862954026,3.0
0.09915110791722953,2.0
0.09916270654092249,3.0
0.09919056633330837,2.0
0.09947584708445453,3.0
0.09964858310459941,2.0
0.09982421358250396,3.0
0.09983967882999403,2.0
0.09986946236510283,3.0
0.10000542984335209,2.0
0.10343076546048942,0.0
0.10431950437543794,1.4142135623730951
0.10569415233365356,0.0
0.1098386163169012,1.4142135623730951
0.11027421389580995,0.0
0.11152190649756016,1.4142135623730951
0.11189014672164826,0.0
0.11247200756684535,1.4142135623730951
0.1158706180002694,0.0
0.11663004396595776,1.4142135623730951
0.11798837597613236,0.0
0.1184807635705672,1.4142135623730951
0.11902470009085092,1.4142135623730951
0.12044118754462596,0.0
0.1207445374096931,1.4142135623730951
0.12141494777294444,0.0
0.12153925081686696,1.4142135623730951
0.12218343647283479,0.0
0.12333602824993983,1.4142135623730951
0.127557845269661,1.4142135623730951
0.1287968708091238,0.0
0.1316786062572533,1.4142135623730951
0.1325031465142806,0.0
0.1341256513557698,1.4142135623730951
0.13462308864402753,1.4142135623730951
0.1400325265296941,1.4142135623730951
0.15132070615381232,1.4142135623730951
0.1515002628761279,1.4142135623730951
0.15203506735283057,0.0
0.1526491990120904,1.4142135623730951
0.15298004747959273,0.0
0.15795214916096825,1.4142135623730951
0.15872059785895457,1.4142135623730951
0.16036768194041645,0.0
0.16041147362701166,1.4142135623730951
0.16793912811516393,1.4142135623730951
0.17351368485543303,0.0
0.1738296731274404,1.4142135623730951
0.17465068792399618,0.0
0.1749634717369291,1.4142135623730951
0.1750593504751605,0.0
0.17877790986300018,1.4142135623730951
0.18049914391950345,0.0
0.18115360306608022,1.4142135623730951
0.1819360544484947,0.0
0.18396731819360876,2.0
0.18399769771526014,3.0
0.18410995664513108,2.0
0.18417592316286188,3.0
0.18433431632904515,2.0
0.18436197301565244,3.0
0.18442614748190528,2.0
0.18452590974707977,3.0
0.18454300345567878,2.0
0.18465216098523002,3.0
0.18468499942493025,2.0
0.18475340793218428,3.0
0.18479085561119324,2.0
0.18486550226830087,3.0
0.18497288809789558,2.0
0.1851371292559458,3.0
0.1852950572689083,2.0
0.1853325011447063,3.0
0.18539659406993297,2.0
0.1854308413787049,3.0
0.185437411795497,2.0
0.1856864775866051,3.0
0.1856927247971662,2.0
0.1858389715074956,3.0
0.18607660176287216,2.0
0.18610500205817582,3.0
0.18611288423183642,2.0
0.18623199694265086,3.0
0.18624910246379664,2.0
0.1862996478949239,3.0
0.18647819563582752,2.0
0.18650388992044187,3.0
0.1867480835453835,2.0
0.18677124948869758,3.0
0.18685701645932107,2.0
0.18714249616716522,3.0
0.1871671662296896,2.0
0.18728899630053472,3.0
0.1875189917906799,2.0
0.18753241822981326,3.0
0.1875432285396007,2.0
0.18763062148045684,3.0
0.18763898207969099,2.0
0.18767995456550055,3.0
0.18781262781318828,2.0
0.18801097131713648,3.0
0.18802646512086543,2.0
0.18809253508106247,3.0
0.18826726427107493,2.0
0.18840168415475356,3.0
0.18840946117235077,2.0
0.1885456831698331,3.0
0.1886315622174979,2.0
0.18872944163101762,3.0
0.18875270814788161,2.0
0.18889558274805357,3.0
0.18892520849291167,2.0
0.18893424938049075,3.0
0.18898090489459216,2.0
0.1889821410714569,3.0
0.18898584973065494,2.0
0.18899068950077177,3.0
0.18910753183240062,2.0
0.18915222095426054,3.0
0.18924586545601357,2.0
0.18924893205375826,3.0
0.18933066759628842,2.0
0.18938496635225652,3.0
0.1895372613398048,2.0
0.1897560709383076,3.0
0.1897967950687195,2.0
0.1900434927725084,3.0
0.19006045847317868,2.0
0.19008588460387665,3.0
0.19013669953148618,2.0
0.19019081307610272,3.0
0.19023626237457858,2.0
0.190356850495364,3.0
0.1904138421614585,2.0
0.19044163138301048,3.0
0.19047077241516897,2.0
0.19047993840077512,3.0
0.1905039273542813,2.0
0.1905263189852535,3.0
0.19092329061070376,2.0
0.19097648881621368,3.0
0.19113631263404007,2.0
0.191513040007751,3.0
0.1917521663075151,2.0
0.191780435326891,3.0
0.19193334499623227,2.0
0.19200027631160924,3.0
0.1921178230842632,2.0
0.19213976429658258,3.0
0.19215164475012236,2.0
0.19221700644022077,3.0
0.19249544039643468,2.0
0.1926385042860429,3.0
0.19276846383379762,2.0
0.19286685549139235,3.0
0.19292086629373617,2.0
0.19299099137198497,3.0
0.1930490453423859,2.0
0.1932317363532501,3.0
0.1932554468964215,2.0
0.19331859874184923,3.0
0.19346986549006895,2.0
0.19347778916212285,3.0
0.19360837434451025,2.0
0.19363993114963476,3.0
0.1936447140320451,2.0
0.19370281666986416,3.0
0.19389397091238852,2.0
0.19397055568966365,3.0
0.1940719787465333,2.0
0.19407867927809247,3.0
0.19411272239543456,2.0
0.19415895047051887,3.0
0.19434611306454197,2.0
0.19454281929961426,3.0
0.19456810632702662,2.0
0.19462964166807703,3.0
0.19469226913659704,2.0
0.19474061820258184,3.0
0.19504300925443768,2.0
0.19506958075274985,3.0
0.19510574947105142,2.0
0.19520594817616735,3.0
0.19523947401497474,2.0
0.19534304060724447,3.0
0.1953455548788258,2.0
0.1954322644548798,3.0
0.1954811939022142,2.0
0.19990695514144516,0.0
0.20127886305691928,1.4142135623730951
0.20177444688720508,0.0
0.20587522102691408,2.0
0.20591184274435306,3.0
0.20598965630775126,2.0
0.20602087303726582,3.0
0.20608414284855267,2.0
0.20625631977276287,3.0
0.20633772748933535,2.0
0.2063927582903317,3.0
0.2065164545544143,2.0
0.20655472387425278,3.0
0.20655648864888299,2.0
0.20655749895596676,3.0
0.20662411424258384,2.0
0.20663845597502936,3.0
0.20691786926369718,2.0
0.2070081943859787,3.0
0.20706645039760224,2.0
0.20716982599154338,3.0
0.2072041664095566,2.0
0.20733019039990222,3.0
0.2073917200888322,2.0
0.20739918381319628,3.0
0.20760723025847683,2.0
0.20790769462198694,3.0
0.20801365444015274,2.0
0.20803041238514383,3.0
0.2081002479831413,2.0
0.20810720484484535,3.0
0.20816110613979988,2.0
0.20829099907484708,3.0
0.20830308779440734,2.0
0.20944631066448027,0.0
0.2096839468625846,1.4142135623730951
0.20969138486638003,0.0
0.2098445555856859,1.4142135623730951
0.2101522487573798,0.0
0.21115038659634575,1.4142135623730951
0.2124744467094004,1.4142135623730951
0.21282991915885022,0.0
0.2131749763321805,1.4142135623730951
0.21323071745499758,0.0
0.21420964641976606,1.4142135623730951
0.2151377190262665,0.0
0.21741625504084727,1.4142135623730951
0.21774316727636506,0.0
0.2180347940627621,1.4142135623730951
0.22103972697377366,0.0
0.22114726248298044,1.4142135623730951
0.2212480255296445,0.0
0.22255459317172666,1.4142135623730951
0.22578241352151945,0.0
0.22758021560484892,1.4142135623730951
0.23103389146137418,1.4142135623730951
0.2357798013780492,0.0
0.23688558447833627,1.4142135623730951
0.23810909821037782,0.0
0.23898219761997824,1.4142135623730951
0.23994710576439707,0.0
0.24026704781775307,1.4142135623730951
0.24086450022313727,0.0
0.2489151029026298,2.0
0.2490233900597947,3.0
0.2494000093720997,2.0
0.24946886031627377,3.0
0.24957393843492945,2.0
0.2495810262074199,3.0
0.2496577720215884,2.0
0.24972043398891236,3.0
0.249739486727497,2.0
0.24976551267366134,3.0
0.24982277895392524,2.0
0.24994122074374026,3.0
0.2500085541245421,2.0
0.2500419251565131,3.0
0.250064187489627,2.0
0.2501168296024485,3.0
0.25015236098487315,2.0
0.2503262468438522,3.0
0.25049257230252453,2.0
0.2571796743456207,0.0
0.26148428912347477,1.4142135623730951
0.26219528202091913,1.4142135623730951
0.26238645416201756,0.0
0.2628854151452703,1.4142135623730951
0.2631748165016579,0.0
0.26481057932998175,1.4142135623730951
0.26673142634818386,1.4142135623730951
0.27209816111522417,0.0
0.2721411093822078,1.4142135623730951
0.27222653735431573,0.0
0.2776856395397907,2.0
0.27789833927337115,3.0
0.27806598513173636,2.0
0.27807519923563007,3.0
0.27824737015666146,2.0
0.2782477763732716,3.0
0.2783594778552587,2.0
0.2783979356068118,3.0
0.278410331154192,2.0
0.27852094842621267,3.0
0.2785407673094405,2.0
0.27859928874657963,3.0
0.2786150927706204,2.0
0.2787607116528147,3.0
0.2788443886983189,2.0
0.2791024404458321,3.0
0.2792420686046626,2.0
0.2792593358812759,3.0
0.2793032467670575,2.0
0.2793497285004501,3.0
0.27946720486452,2.0
0.27947437847986,3.0
0.2795105351227494,2.0
0.27952861009113594,3.0
0.279604059340605,2.0
0.27964296488393237,3.0
0.27969028249520084,2.0
0.27982657884166445,3.0
0.2798994368999142,2.0
0.2799061989988217,3.0
0.2799892772750832,2.0
0.28011351136792295,3.0
0.28016484326082336,2.0
0.2801846616780142,3.0
0.280238613510371,2.0
0.2804888026597818,3.0
0.2805374390225924,2.0
0.2805574583972642,3.0
0.28060426015751655,2.0
0.28085572278439475,3.0
0.2809351291163419,2.0
0.2809553254934654,3.0
0.2809978270385152,2.0
0.28120921985891456,3.0
0.2812219467901783,2.0
0.2814305908068635,3.0
0.28149760834475324,2.0
0.2815106029222537,3.0
0.28204070410364923,2.0
0.2820799253066789,3.0
0.282263553736445,2.0
0.28246064222618006,3.0
0.28277264094758614,2.0
0.2828041934737038,3.0
0.28284344823074686,2.0
0.2865002109234525,0.0
0.2877546968481739,1.4142135623730951
0.2879543302918474,0.0
0.28814379699606657,1.4142135623730951
0.28847707677111806,0.0
0.289087632380048,1.4142135623730951
0.289365195836995,1.4142135623730951
0.29169008221469334,1.4142135623730951
0.2917079222227088,0.0
0.2924015556043976,1.4142135623730951
0.29250170535818476,1.4142135623730951
0.2959190133887185,0.0
0.2961190053750528,1.4142135623730951
0.29617225002976566,0.0
0.2962610540485786,1.4142135623730951
0.2965542594154717,0.0
0.29744605386497586,1.4142135623730951
0.2991788313655268,0.0
0.2994883073990079,1.4142135623730951
0.2998348389147013,0.0
0.3000245915000345,1.4142135623730951
0.3002474984045506,0.0
0.3007634383680774,1.4142135623730951
0.3049067906010455,1.4142135623730951
0.30975153161370095,0.0
0.3099704812790411,1.4142135623730951
0.31001684428096843,0.0
0.31049224928967634,1.4142135623730951
0.31096748654858786,0.0
0.3113997789836608,1.4142135623730951
0.31441456008109575,0.0
0.31478000895206765,2.0
0.31478847754242273,3.0
0.31485672158746714,2.0
0.31510580682064454,3.0
0.31512546895062993,2.0
0.3151348493390567,3.0
0.3157468953123956,2.0
0.31626085626882455,3.0
0.3162731613770084,2.0
0.31629654903569776,3.0
0.3163926753419675,2.0
0.3164464290590206,3.0
0.3165520796522634,2.0
0.31670189229961904,3.0
0.31674950644150845,2.0
0.3167548609683243,3.0
0.3167648164415076,2.0
0.31682053963937656,3.0
0.3168380622584893,2.0
0.31687747592418614,3.0
0.3168819450758936,2.0
0.3168855193540347,3.0
0.316886611373536,2.0
0.31695212560422276,3.0
0.3169721368291319,2.0
0.3169805802993566,3.0
0.317107307475462,2.0
0.31736295924269103,3.0
0.31737717516942576,2.0
0.3174243641203799,3.0
0.317677681686948,2.0
0.31768591862296225,3.0
0.3177209229846246,2.0
0.31779934645655866,3.0
0.317821029941128,2.0
0.3178801182281715,3.0
0.3178966138624999,2.0
0.31794188232101045,3.0
0.31796322506688507,2.0
0.31815644100875007,3.0
0.3181724181192581,2.0
0.31828866714248527,3.0
0.31830740635062416,2.0
0.3183215762896366,3.0
0.3184511236347789,2.0
0.31858116598089037,3.0
0.3185864534180514,2.0
0.3186263121678399,3.0
0.31867337955747216,2.0
0.31874035684671836,3.0
0.31876324576301496,2.0
0.31877238964495613,3.0
0.31881144448671783,2.0
0.3188769967165885,3.0
0.31908391881617865,2.0
0.31911417753112176,3.0
0.3192348381294342,2.0
0.3193548322609246,3.0
0.31941413107408284,2.0
0.31953301496392117,3.0
0.3195518362821685,2.0
0.31969773765079335,3.0
0.3199253478119124,2.0
0.319963367003475,3.0
0.3200004072867353,2.0
0.3200797289987969,3.0
0.320215567592818,2.0
0.3202569929382905,3.0
0.32041569075343324,2.0
0.3205547457444602,3.0
0.320807142629703,2.0
0.3208669279588244,3.0
0.32096126492004023,2.0
0.3210030102319996,3.0
0.3210168313795313,2.0
0.32123189798033464,3.0
0.3212588911165358,2.0
0.3214584738525329,3.0
0.32155045937173976,2.0
0.32155582934146576,3.0
0.32161883919615986,2.0
0.32168951613934077,3.0
0.3217664661745872,2.0
0.32188909851723935,3.0
0.3219247878992877,2.0
0.3219512194375125,3.0
0.32198370378822794,2.0
0.32199919275341016,3.0
0.32210912209310666,2.0
0.32235478390417327,3.0
0.3224266829006977,2.0
0.3224395864059853,3.0
0.32245766773618706,2.0
0.3224885382362685,3.0
0.32253172440719047,2.0
0.3225624363993542,3.0
0.3226573001305346,2.0
0.32276097047144375,3.0
0.32276371910425133,2.0
0.32285765913316616,3.0
0.32295332511166164,2.0
0.32303088679318787,3.0
0.3230864200375938,2.0
0.32314249519398563,3.0
0.3232965433742795,2.0
0.3234455434673285,3.0
0.3235601075679774,2.0
0.32356180756630076,3.0
0.3235645402918028,2.0
0.3236173818937237,3.0
0.3237343505880872,2.0
0.3237488907695583,3.0
0.3238724930149123,2.0
0.32398585553715165,3.0
0.32410058031541,2.0
0.3241058476785328,3.0
0.3243578301000087,2.0
0.32442285844408786,3.0
0.3244474962426594,2.0
0.3245417035709213,3.0
0.32460456520212994,2.0
0.32496839789444026,3.0
0.32503380485383976,2.0
0.32507499318845884,3.0
0.3251718282944771,2.0
0.32520228782440314,3.0
0.32535668272578405,2.0
0.32572407407806836,3.0
0.32577467835936497,2.0
0.3258638241378332,3.0
0.32592961946711047,2.0
0.3259697167523892,3.0
0.3263205437776777,2.0
0.32652311560147673,3.0
0.3266051940849028,2.0
0.3358380682515461,0.0
0.3359762842299261,1.4142135623730951
0.3476744666632351,0.0
0.3478476180757937,1.4142135623730951
0.34788882388499165,0.0
0.3485015949397016,1.4142135623730951
0.35003478822548806,0.0
0.35026223552663843,2.0
0.3502862248154235,3.0
0.3503932664208966,2.0
0.35056807042584454,3.0
0.35058912809050413,2.0
0.3506063859788131,3.0
0.3509074969293932,2.0
0.35091653518872395,3.0
0.3510734093219838,2.0
0.35114152927831527,3.0
0.3512001306716125,2.0
0.35174097229425655,3.0
0.3517423177271987,2.0
0.35181536993145823,3.0
0.3518181073617431,2.0
0.3519599675276735,3.0
0.3519804049552635,2.0
0.35199722896373026,3.0
0.3520246125442472,2.0
0.35227401794381696,3.0
0.35230421296541653,2.0
0.35249224527742856,3.0
0.3525715001251632,2.0
0.3526444868982564,3.0
0.35271333843718977,2.0
0.3527459961371071,3.0
0.352874215847824,2.0
0.3532687943047703,3.0
0.35338264567462674,2.0
0.3535077013077831,3.0
0.35351289405803865,2.0
0.3535326752420593,3.0
0.35369589646784033,2.0
0.3537639845553068,3.0
0.3539844329178032,2.0
0.35403101508201923,3.0
0.35403201641007565,2.0
0.3541737782804116,3.0
0.35423093872934014,2.0
0.3544598822164019,3.0
0.35451309098867173,2.0
0.35452049756654175,3.0
0.3545695536669157,2.0
0.3545975492655224,3.0
0.3547273228775038,2.0
0.35476118643136056,3.0
0.3548117049656886,2.0
0.35490836251982666,3.0
0.354983631684842,2.0
0.35500590006235777,3.0
0.3550484849897356,2.0
0.3550494072601228,3.0
0.35534037994203554,2.0
0.3553991434599599,3.0
0.3554315277889938,2.0
0.3555251575810082,3.0
0.35560934216187695,2.0
0.3556911385019966,3.0
0.3557684691696168,2.0
0.35577653326252595,3.0
0.3558097090614485,2.0
0.3559263585663307,3.0
0.3559465113331995,2.0
0.3562339844658064,3.0
0.3564994453295407,2.0
0.35656681277357916,3.0
0.3566061464439759,2.0
0.356671520985202,3.0
0.35671864764059896,2.0
0.3567573375336473,3.0
0.3569828285377893,2.0
0.35703304486410437,3.0
0.3572612456884339,2.0
0.3572949680593659,3.0
0.3573803805722661,2.0
0.35746796225405414,3.0
0.35755281428075153,2.0
0.35755884932444104,3.0
0.3576190063201529,2.0
0.3576255236343977,3.0
0.35782518165901267,2.0
0.3579148421381814,3.0
0.35799340550601483,2.0
0.35804226407675627,3.0
0.35822537386646885,2.0
0.3583075377845782,3.0
0.3583371734537359,2.0
0.3583699442301144,3.0
0.3583831530519765,2.0
0.35861849026368375,3.0
0.3586844180444593,2.0
0.358738410445288,3.0
0.3587970284574066,2.0
0.3590185573146948,3.0
0.35902800189168393,2.0
0.35909413459080397,3.0
0.35913235829964835,2.0
0.3591590396979144,3.0
0.3591649693396107,2.0
0.359227838526952,3.0
0.35930217455370367,2.0
0.3593250471399802,3.0
0.3593562314462395,2.0
0.3623197132959867,0.0
0.3623619384510989,1.4142135623730951
0.3630355196070096,0.0
0.36389145733997014,1.4142135623730951
0.3639594906065838,0.0
0.3663905591812636,1.4142135623730951
0.3678398231068918,1.4142135623730951
0.3679042403895165,0.0
0.36837792687689497,1.4142135623730951
0.3685435195905811,0.0
0.3695990733295795,1.4142135623730951
0.36990411525725014,0.0
0.37492401657587626,1.4142135623730951
0.3765402904388103,0.0
0.3772825688470562,1.4142135623730951
0.3821640747910207,1.4142135623730951
0.38351478214932955,1.4142135623730951
0.3836878555983041,0.0
0.3837460675370793,1.4142135623730951
0.38388529302104446,0.0
0.3842430009820193,1.4142135623730951
0.3863622448608619,0.0
0.3863657310199812,1.4142135623730951
0.387828392048028,1.4142135623730951
0.3878315261670402,0.0
0.3881376133469969,1.4142135623730951
0.3892842304097591,0.0
0.3893518312096322,1.4142135623730951
0.3896382802280476,1.4142135623730951
0.3924418433717436,0.0
0.39275693262890715,1.4142135623730951
0.39326720941495075,0.0
0.3932906446190572,1.4142135623730951
0.3938091895396356,0.0
0.3938177039249243,1.4142135623730951
0.3941224617877626,0.0
0.39457919422030363,2.0
0.39461846122103433,3.0
0.39480162286239917,2.0
0.39511080135449494,3.0
0.3952389344266309,2.0
0.39527993574492976,3.0
0.39548085862327226,2.0
0.39549586933012687,3.0
0.3955034063078849,2.0
0.3955035186357965,3.0
0.3956080516139898,2.0
0.39569503534221134,3.0
0.39573976771374875,2.0
0.39578946094035095,3.0
0.395791959326159,2.0
0.3962686079766313,3.0
0.39642503157924536,2.0
0.396437068376097,3.0
0.39647100188498907,2.0
0.3964738437603891,3.0
0.3964801864196218,2.0
0.3965071462878718,3.0
0.39654854754903934,2.0
0.396549895902353,3.0
0.39655985096918556,2.0
0.39658407732675505,3.0
0.39666058128505716,2.0
0.39682543229249345,3.0
0.47046820945006074,0.0
0.4705165547643274,1.4142135623730951
0.4705592978507725,0.0
0.47268797025451736,1.4142135623730951
0.47281648580039576,0.0
0.47612115689064355,2.0
0.4763127939098968,3.0
0.4765839357696225,2.0
0.4766846400511401,3.0
0.47672085280495374,2.0
0.4767497486111561,3.0
0.476819168721225,2.0
0.47685927082533025,3.0
0.47694570674043923,2.0
0.4769813680955253,3.0
0.4769855542817623,2.0
0.47703379135087914,3.0
0.47711232806410486,2.0
0.47712519251465285,3.0
0.47721231826273564,2.0
0.47722907016963145,3.0
0.47742016748041344,2.0
0.4777126710196786,3.0
0.4777409265993592,2.0
0.4778543403366902,3.0
0.4779606981125962,2.0
0.4780008740449855,3.0
0.47802431335387513,2.0
0.4780897656976789,3.0
0.4781875995681575,2.0
0.4782984236615041,3.0
0.47847733926432906,2.0
0.47854814344907004,3.0
0.4785710759578322,2.0
0.4786105168658818,3.0
0.47872076507259903,2.0
0.47882143721008047,3.0
0.4788877191191705,2.0
0.47892627774353846,3.0
0.47898808551257144,2.0
0.4790171411834257,3.0
0.47937569071337943,2.0
0.47940821426364044,3.0
0.47954471379238295,2.0
0.47958527249345445,3.0
0.4796435398142695,2.0
0.47967165817226626,3.0
0.4797077807249427,2.0
0.47980878634320134,3.0
0.4798421218831135,2.0
0.4799058452988908,3.0
0.47994619176794645,2.0
0.4799734539543461,3.0
0.4800811015307841,2.0
0.4800924390017468,3.0
0.4802576756946739,2.0
0.48038130733977,3.0
0.4803897633370001,2.0
0.4804044332424983,3.0
0.48040657461631686,2.0
0.4804725909000122,3.0
0.48053556043049,2.0
0.48060760395888985,3.0
0.4807005023302052,2.0
0.481018082771164,3.0
0.48111074245137697,2.0
0.48121007508031644,3.0
0.4813445483069527,2.0
0.48142087023932795,3.0
0.48150118745470993,2.0
0.4815372302471344,3.0
0.4816854156073885,2.0
0.48171838144124346,3.0
0.48195408190363553,2.0
0.4821124992207972,3.0
0.4821845262977288,2.0
0.4822148273886002,3.0
0.4822288584799574,2.0
0.4823466667063569,3.0
0.48264221833371,2.0
0.4826974588356475,3.0
0.482951789597288,2.0
0.4831893758747403,3.0
0.4832954070518317,2.0
0.48336795894731027,3.0
0.4834896561792694,2.0
0.48361626888339576,3.0
0.4836978747665194,2.0
0.4837806412605943,3.0
0.4838295909582067,2.0
0.4840232669889165,3.0
0.48413755643464185,2.0
0.4842849409484574,3.0
0.48437910718143545,2.0
0.48445657147782023,3.0
0.4844880244747134,2.0
0.48470058391272075,3.0
0.48470300453326925,2.0
0.4847306784951107,3.0
0.48528640582892224,2.0
0.48536303140745135,3.0
0.4854149699847639,2.0
0.4854210251297213,3.0
0.485453587233525,2.0
0.48548687546150127,3.0
0.4855052172690958,2.0
0.4855477794676588,3.0
0.48558725120533547,2.0
0.4858108175629341,3.0
0.4860424552336335,2.0
0.48611294217627626,3.0
0.4862435477088119,2.0
0.48626500789945054,3.0
0.4862693339132776,2.0
0.4863317089355769,3.0
0.4863759660094615,2.0
0.4864221534045875,3.0
0.4865983019793411,2.0
0.4867065044725884,3.0
0.48677752930284923,2.0
0.4868104062657816,3.0
0.48700186457645583,2.0
0.48708084216243186,3.0
0.4871747341297024,2.0
0.487202945045902,3.0
0.48729578631623177,2.0
0.48732105685027916,3.0
0.4875834424721908,2.0
0.4878298997448292,3.0
0.48783756161768543,2.0
0.48784337056056054,3.0
0.48798313819680256,2.0
0.48813149380300663,3.0
0.4882507805448091,2.0
0.48825926378765694,3.0
0.48827482237962105,2.0
0.4885691172476906,3.0
0.48861550847942886,2.0
0.488681253884109,3.0
0.48870411907619565,2.0
0.48871801253246916,3.0
0.4887635406419294,2.0
0.4889394879407176,3.0
0.4890436313862874,2.0
0.48909917529578006,3.0
0.48911502788373323,2.0
0.48933883347178136,3.0
0.48937315518265545,2.0
0.4893759706457861,3.0
0.489448323655688,2.0
0.48956555644135064,3.0
0.4897755341664356,2.0
0.49001179667720396,3.0
0.4900118426693872,2.0
0.49002287256220234,3.0
0.4900230771295385,2.0
0.49008314534761477,3.0
0.49019257129332466,2.0
0.4903908627551076,3.0
0.4904564535301932,2.0
0.49059607589792725,3.0
0.4906253803425141,2.0
0.49068408625282545,3.0
0.49068976335955894,2.0
0.49081901867796246,3.0
0.49104050142643774,2.0
0.4911034764509382,3.0
0.49120253537655584,2.0
0.49127907425814105,3.0
0.4912952217720201,2.0
0.4913474499097866,3.0
0.49134807915758694,2.0
0.491356189446066,3.0
0.4913586495987873,2.0
0.49136458222081336,3.0
0.4914419203198711,2.0
0.4914607692702078,3.0
0.49147060175450274,2.0
0.4915112256297473,3.0
0.49153866900226234,2.0
0.4917820471484958,3.0
0.49189508599482146,2.0
0.4918969092686328,3.0
0.4918991734915797,2.0
0.49204545131343574,3.0
0.49210714326896765,2.0
0.4921621355843631,3.0
0.49231002637727683,2.0
0.49238584535258456,3.0
0.4925321478360519,2.0
0.492538819359227,3.0
0.49277729994612485,2.0
0.49307052851299915,3.0
0.49307808464999503,2.0
0.4931121715776393,3.0
0.49315309633446386,2.0
0.4932023883764759,3.0
0.49322010455480775,2.0
0.4932584872557599,3.0
0.4932716250816195,2.0
0.493286616099914,3.0
0.493382331029713,2.0
0.4934711901401362,3.0
0.4937489153405884,2.0
0.4937893889698984,3.0
0.4937992359807657,2.0
0.49384947462948475,3.0
0.49387937008998367,2.0
0.4938995838296927,3.0
0.49411479598875946,2.0
0.4941992622781068,3.0
0.4942883864783062,2.0
0.4943524590158368,3.0
0.49435937068324287,2.0
0.49441148552738867,3.0
0.49444758135170613,2.0
0.49456326282011076,3.0
0.4945707363321171,2.0
0.49457591287634656,3.0
0.4948195730627467,2.0
0.49482171893911275,3.0
0.5941555935300967,0.0
0.5961593286519672,1.4142135623730951
0.5965128403661432,1.4142135623730951
0.5999565218286308,1.4142135623730951
0.6067317995351093,1.4142135623730951
0.6073320453224639,0.0
0.6074435687757801,2.0
0.6074661228058006,3.0
0.6077582534967211,2.0
0.6077805102674444,3.0
0.6077859473344993,2.0
0.6079214267752173,3.0
0.607977189757108,2.0
0.6080470194779998,3.0
0.6082031024126833,2.0
0.608293087747963,3.0
0.6083878527800375,2.0
0.6084346900212098,3.0
0.608450166816289,2.0
0.6086619911657765,3.0
0.6087990869766742,2.0
0.6089082957726106,3.0
0.6089166317538895,2.0
0.6089191472190298,3.0
0.6090137982526438,2.0
0.6090146409235618,3.0
0.6090409254157484,2.0
0.6090450039022011,3.0
0.6090622101222434,2.0
0.6091462830278181,3.0
0.6091905718275349,2.0
0.6092682166593606,3.0
0.6093224067192846,2.0
0.6093319179217069,3.0
0.6095124915902187,2.0
0.609641927407662,3.0
0.6096511305894186,2.0
0.609754739044441,3.0
0.6097882612569026,2.0
0.6098069590197699,3.0
0.6099543463096885,2.0
0.6101336325987425,3.0
0.6101410893504003,2.0
0.6102413384900002,3.0
0.6102870543089303,2.0
0.6103072280392178,3.0
0.6103744586049982,2.0
0.6104206184154903,3.0
0.6105376183079607,2.0
0.6106447735813321,3.0
0.6107132604542954,2.0
0.6107380995951596,3.0
0.610821456634999,2.0
0.6108322886978919,3.0
0.6109815281094785,2.0
0.6111093458477895,3.0
0.6113658284607754,2.0
0.6115352396560252,3.0
0.6116187969646175,2.0
0.6116614958569271,3.0
0.6118987824025741,2.0
0.6119071984047503,3.0
0.611968032125303,2.0
0.6121955445666164,3.0
0.6122792254964032,2.0
0.6123640038470421,3.0
0.9450805908394451,1.4142135623730951
0.9456292928038387,1.4142135623730951
0.9458301795316353,0.0
0.9485982673418061,1.4142135623730951
0.952174845242261,1.4142135623730951
0.9529652757052824,0.0
0.9533151302808903,1.4142135623730951
0.9578944699334104,1.4142135623730951
0.960676281809408,0.0
0.9616304775776308,1.4142135623730951
0.961640873008137,0.0
0.9625255709614414,1.4142135623730951
0.9667535180593918,1.4142135623730951
0.9674662948637326,1.4142135623730951
0.9684087575229468,0.0
0.9688312377577404,1.4142135623730951
0.9696332680496954,0.0
0.9701809638121454,1.4142135623730951
0.9758839740004168,1.4142135623730951
0.9764381047065266,0.0
0.9773463084243664,1.4142135623730951
0.9778839374626613,0.0
0.9789824235801706,1.4142135623730951
0.9807748098502063,0.0
0.9813626064816112,1.4142135623730951
0.9814632235940858,0.0
0.9817952330385629,2.0
0.9819013100594483,3.0
0.9819436387331119,2.0
0.9819569895832515,3.0
0.9821942785319453,2.0
0.9822441874047197,3.0
0.9822554705055728,2.0
0.9823265368291071,3.0
0.9823322672877348,2.0
0.9823377790407498,3.0
0.9825816238751632,2.0
0.9826561554724873,3.0
0.9827425065461025,2.0
0.9828683832864363,3.0
0.9829009993896711,2.0
0.982906413435025,3.0
0.983328073490269,2.0
0.9834260632048544,3.0
0.9834516967186009,2.0
0.9835296688992112,3.0
0.9835825434754325,2.0
0.98367055954982,3.0
0.9836996629361234,2.0
0.9838121176497464,3.0
0.9838147302397976,2.0
0.9839064759094589,3.0
0.9840529587815835,2.0
0.9843355508637146,3.0
0.9844474422269647,2.0
0.984503962997219,3.0
0.9846877187564832,2.0
0.9848770948408915,3.0
0.9848805312760209,2.0
0.9849859078348507,3.0
0.9852429367526174,2.0
0.9853246878371059,3.0
0.9853469877999562,2.0
0.9853490277453051,3.0
0.9854685428207285,2.0
0.985517374840777,3.0
0.9855194525348063,2.0
0.9855298366872294,3.0
0.985534650968805,2.0
0.9855804566476666,3.0
0.9856017178389074,2.0
0.9856463392597793,3.0
0.9857272989138824,2.0
0.985768510785153,3.0
0.9857686989130089,2.0
0.9860069467974453,3.0
0.9862504195774252,2.0
0.9864284600559272,3.0
0.9865869821622584,2.0
0.9865962404352023,3.0
0.9867621721909667,2.0
0.9867822216839921,3.0
0.9868695182750589,2.0
0.9869075042843022,3.0
0.9870215726552265,2.0
0.9870281996991254,3.0
0.9871034495144911,2.0
0.9871220083227004,3.0
0.9871675967537201,2.0
0.9873329247668465,3.0
0.9874707333523239,2.0
0.9875224699819004,3.0
0.9875436441954508,2.0
0.98761173425562,3.0
0.9877525367217502,2.0
0.9878477255043527,3.0
0.9883234719041427,2.0
0.9883766460084205,3.0
0.9884191297534921,2.0
0.9884343474303647,3.0
0.9884846052932187,2.0
0.988513445744089,3.0
0.988577643123961,2.0
0.9887805006477814,3.0
0.9889103695671483,2.0
0.9889954004550854,3.0
0.9891456587059759,2.0
0.9892292729200254,3.0
0.9894487367837663,2.0
0.9894592554854718,3.0
0.9895210096127661,2.0
0.989635027919039,3.0
0.9896832418914848,2.0
0.9897380933970995,3.0
0.9897909278171623,2.0
0.9898328940932832,3.0
0.9898875886513016,2.0
0.9898885263817141,3.0
0.9899075789381073,2.0
0.9899206623468763,3.0
0.9900696751018638,2.0
0.9900708448228481,3.0
0.9902384623001684,2.0
0.9948854014528381,0.0
0.995227066446719,1.4142135623730951
0.9971457503237592,0.0
0.9974343253656668,1.4142135623730951
0.9983698879005494,0.0
0.9983903948751317,1.4142135623730951
1.008412791696336,1.4142135623730951
1.014213883739186,1.4142135623730951
1.0145214452540288,0.0
1.0145249901458935,1.4142135623730951
1.0159802332825858,0.0
1.0169184336990225,1.4142135623730951
1.0169481529067077,0.0
1.0172400822206908,1.4142135623730951
1.0190943474862253,0.0
1.0201996324508218,1.4142135623730951
1.0205116313081954,0.0
1.0206762412594705,1.4142135623730951
1.023531674320905,1.4142135623730951
1.0243530319133851,0.0
1.025903729630782,1.4142135623730951
1.0259850802933637,1.4142135623730951
1.0274826084015658,0.0
1.0277577044008008,1.4142135623730951
1.0278360761733696,0.0
1.0283436631649745,1.4142135623730951
1.0296759748871098,1.4142135623730951
1.0304604669223785,0.0
1.0313791083934827,1.4142135623730951
1.0325646319599109,0.0
1.032698557643803,1.4142135623730951
1.0340626165789464,0.0
1.0347347370385154,1.4142135623730951
1.0361893775843978,1.4142135623730951
1.0443416262288943,1.4142135623730951
1.046470183304774,1.4142135623730951
1.0467232339164865,0.0
1.0470337662405778,1.4142135623730951
1.0472875638102723,0.0
1.0475422488073227,1.4142135623730951
1.047750060770159,0.0
1.048770792734879,1.4142135623730951
1.0492133076801657,0.0
1.0519456543746466,2.0
1.0521121006240213,3.0
1.0521288527108619,2.0
1.0521500059478819,3.0
1.052309020931847,2.0
1.0523831520285907,3.0
1.0524077392010416,2.0
1.05255835773109,3.0
1.0525834964207756,2.0
1.0525982990682323,3.0
1.0527429674814701,2.0
1.052769401309671,3.0
1.052914376635543,2.0
1.0529305883862494,3.0
1.0530638849399792,2.0
1.0530885270040948,3.0
1.0531090093116013,2.0
1.0531933138105052,3.0
1.0532150463049175,2.0
1.05328411417491,3.0
1.0534810609019791,2.0
1.053607964809742,3.0
1.053653077027828,2.0
1.0536707531257485,3.0
1.053748496865256,2.0
1.0538047892327775,3.0
1.0539860522063778,2.0
1.0542953181409958,3.0
1.0543114541758227,2.0
1.0543584308720668,3.0
1.0544696784424912,2.0
1.054498281898615,3.0
1.0544991273030981,2.0
1.054557971764702,3.0
1.0547098472591308,2.0
1.0547501292065837,3.0
1.0547802964384558,2.0
1.0548346083638438,3.0
1.0549017370359413,2.0
1.0549955838661909,3.0
1.0551038433730993,2.0
1.0552163488787887,3.0
1.055401845658571,2.0
1.0554331760426043,3.0
1.0554570472592912,2.0
1.0555718319495389,3.0
1.0555726381458712,2.0
1.055579474734182,3.0
1.0557345040398163,2.0
1.0558395862355094,3.0
1.0560446865998836,2.0
1.0561582531177667,3.0
1.0562406912203852,2.0
1.0563337937362889,3.0
1.0569255851199846,2.0
1.056988616513113,3.0
1.0570555033536242,2.0
1.0570587933396658,3.0
1.0571171231771692,2.0
1.0571355729400318,3.0
1.0573016429494941,2.0
1.0575582646030601,3.0
1.0576291445383827,2.0
1.057884258458653,3.0
1.0579042508970582,2.0
1.0579764700089114,3.0
1.0581934843643297,2.0
1.0582062867669155,3.0
1.0582391463748348,2.0
1.0582808385096238,3.0
1.0582815835789232,2.0
1.0583145516933996,3.0
1.0583715808130363,2.0
1.0586630107566533,3.0
1.0587695958718375,2.0
1.0587857359644561,3.0
1.058934487577464,2.0
1.0589349290780015,3.0
1.0589436453321757,2.0
1.0590705492620391,3.0
1.059199336272917,2.0
1.0593142569291898,3.0
1.059374032813231,2.0
1.0594504581243738,3.0
1.0596314411936025,2.0
1.059645174949687,3.0
1.0596845264298582,2.0
1.0597445188858212,3.0
1.0598543277190924,2.0
1.0598855132510476,3.0
1.0599254551931325,2.0
1.0599740777487647,3.0
1.0601904703303184,2.0
1.0602138398970433,3.0
1.0604924718783102,2.0
1.0605227722253625,3.0
1.0605581992863273,2.0
1.0605664978147336,3.0
1.0606276748144567,2.0
1.060633753641663,3.0
1.0606596210648873,2.0
1.0606819027784797,3.0
1.0606987763975841,2.0
1.0607800237103935,3.0
1.0608202286382946,2.0
1.0609374467530615,3.0
1.061006622469282,2.0
1.0612295797963063,3.0
1.061276052518684,2.0
1.0613402286660998,3.0
1.0613985291777255,2.0
1.061512057238315,3.0
1.0616780809090225,2.0
1.06175594099271,3.0
1.0618017987330917,2.0
1.0618964100348256,3.0
1.0619259228317968,2.0
1.062006430964252,3.0
1.0620112599167058,2.0
1.0620168002514871,3.0
1.0620305352246149,2.0
1.0621092908893168,3.0
1.0622196071525896,2.0
1.0624154100879577,3.0
1.0624210616703458,2.0
1.0624759686110086,3.0
1.0625843886999342,2.0
1.0627065214867149,3.0
1.062720820531489,2.0
1.0627879895250623,3.0
1.062835675695725,2.0
1.0628624956500046,3.0
1.0629729624053514,2.0
1.0629749695679498,3.0
1.0629867098114336,2.0
1.062999828957365,3.0
1.06314357818167,2.0
1.0632748473230262,3.0
1.063360003948615,2.0
1.0634433218824935,3.0
1.0635381694502417,2.0
1.063629605712209,3.0
1.0639743193483455,2.0
1.0642735703568504,3.0
1.0644359834711012,2.0
1.0645415353217507,3.0
1.0646056426246144,2.0
1.0646213343937647,3.0
1.0646288895132452,2.0
1.0648778061612603,3.0
1.064891496054127,2.0
1.064970964150212,3.0
1.0649792106163178,2.0
1.065167251236113,3.0
1.0652068647129123,2.0
1.0652142951128218,3.0
1.0653405071903042,2.0
1.0654197582392382,3.0
1.0654573624148735,2.0
1.0657748054942222,3.0
1.065857187013444,2.0
1.0658681876286435,3.0
1.0658931082936558,2.0
1.0661146874250804,3.0
1.0661270376088485,2.0
1.0661970217986239,3.0
1.0662144138229663,2.0
1.066278648229158,3.0
1.066464811947719,2.0
1.0665849857898477,3.0
1.0668603423347058,2.0
1.0669278498912889,3.0
1.067017326485158,2.0
1.0670749338288765,3.0
1.0670945524187838,2.0
1.0672235591506827,3.0
1.0672892062577257,2.0
1.0673284960278389,3.0
1.067328749998292,2.0
1.0673554773067873,3.0
1.0675666022536094,2.0
1.0676018474026707,3.0
1.0676557511477371,2.0
1.0677130571832982,3.0
1.0677921437651388,2.0
1.0679937942290327,3.0
1.068054752458647,2.0
1.0681562584004913,3.0
1.0682735070386937,2.0
1.068509483170473,3.0
1.0685655709339141,2.0
1.0685719095300108,3.0
1.068978080462341,2.0
1.0690141710838386,3.0
1.0690742848386972,2.0
1.0692361505372314,3.0
1.0693872459066738,2.0
1.0694293318745531,3.0
1.0694660153063025,2.0
1.0695213989316186,3.0
1.06980168235926,2.0
1.069829524745667,3.0
1.0699327692046299,2.0
1.0700130713761111,3.0
1.0702017740443863,2.0
1.0703620185057203,3.0
1.0704918222870363,2.0
1.0705190001748166,3.0
1.0705495989755016,2.0
1.070584612349184,3.0
1.0706483518317795,2.0
1.0707684762459562,3.0
1.071003662614203,2.0
1.0729802476914132,0.0
1.0732674608397086,1.4142135623730951
1.075245934750295,0.0
1.0758243946226762,1.4142135623730951
1.076711604503038,1.4142135623730951
1.0791544115945355,1.4142135623730951
1.079312435331714,0.0
1.079687645743363,1.4142135623730951
1.0803029348527078,1.4142135623730951
1.0806590856981155,1.4142135623730951
1.0820526477817736,0.0
1.0823371393193624,1.4142135623730951
1.0823962481528309,0.0
1.0824062635470195,1.4142135623730951
1.0868015659161263,1.4142135623730951
1.0888670008613897,0.0
1.096979500923058,2.0
1.0970197247031588,3.0
1.0970693353846628,2.0
1.0971936466971042,3.0
1.0972001468534474,2.0
1.0972643353645422,3.0
1.097289502164565,2.0
1.0973702992799685,3.0
1.0974538578165602,2.0
1.0974858507828287,3.0
1.0975198461240288,2.0
1.0975226479100546,3.0
1.0976023659076006,2.0
1.0976501496423006,3.0
1.0978810793573006,2.0
1.0978879712607579,3.0
1.09789789520732,2.0
1.0979211771276993,3.0
1.0979506604421447,2.0
1.0980008363400915,3.0
1.098032472854089,2.0
1.0981051074206722,3.0
1.0982235438566645,2.0
1.098261755559524,3.0
1.0982862505918694,2.0
1.0983974152094704,3.0
1.0984461347548025,2.0
1.0985644129380905,3.0
1.098624808536346,2.0
1.0986446715544782,3.0
1.0986966653026629,2.0
1.0987730615468805,3.0
1.0987774242199093,2.0
1.0988028196177715,3.0
1.098886976278855,2.0
1.0989155149879983,3.0
1.0990214202347781,2.0
1.0992446434712844,3.0
1.0992608751267854,2.0
1.0993314862554695,3.0
1.0994179803268291,2.0
1.0994462569274692,3.0
1.0994539036231663,2.0
1.099484450444874,3.0
1.0994885607251796,2.0
1.0996311851013207,3.0
1.0996467386257478,2.0
1.0996590268365574,3.0
1.0996837242078619,2.0
1.0997330521423945,3.0
1.0997909924509754,2.0
1.0999372890770278,3.0
1.1000083329007728,2.0
1.1000990967149673,3.0
1.100150748131553,2.0
1.1002332819442937,3.0
1.10026238803014,2.0
1.1004119592959107,3.0
1.100635004157804,2.0
1.1007253419181162,3.0
1.10080138077252,2.0
1.1008076322340825,3.0
1.1009406323436233,2.0
1.1010407590569065,3.0
1.1010605744784858,2.0
1.1010783305124394,3.0
1.1011926133982792,2.0
1.1012609526074866,3.0
1.1013060387606666,2.0
1.1013440974051096,3.0
1.1013761303510352,2.0
1.1014101727881969,3.0
1.1015609359519345,2.0
1.1015634451153569,3.0
1.1016118519249705,2.0
1.1016542469362878,3.0
1.1017534058535197,2.0
1.101809662745392,3.0
1.101925086587735,2.0
1.1021774333119359,3.0
1.1021787190735728,2.0
1.1021914756472337,3.0
1.1022084789650035,2.0
1.1023861498680108,3.0
1.102388699803966,2.0
1.1025914131044638,3.0
1.1026096763335334,2.0
1.102890415599749,3.0
1.1031127270031889,2.0
1.1031209650617622,3.0
1.1031753279354986,2.0
1.1031893931615413,3.0
1.1032246426407277,2.0
1.1032763078695544,3.0
1.1034047043305997,2.0
1.1034075027990706,3.0
1.1034305034252032,2.0
1.1036359685677686,3.0
1.103684436821906,2.0
1.1037044303317953,3.0
1.1039185605863056,2.0
1.1039660469577905,3.0
1.1040071369545559,2.0
1.1041580333409053,3.0
1.104200850858963,2.0
1.1042649520936665,3.0
1.1043596598824528,2.0
1.1044295439695015,3.0
1.1044454066170883,2.0
1.104452425968556,3.0
1.1044719029448393,2.0
1.104516436135918,3.0
1.1045405591086987,2.0
1.1046172238706748,3.0
1.1046487490045327,2.0
1.1129999910601258,0.0
1.1131242580559333,1.4142135623730951
1.113707745690033,1.4142135623730951
1.1144679721666781,1.4142135623730951
1.1144809362387638,1.4142135623730951
1.1208733061349725,0.0
1.1209070663566028,1.4142135623730951
1.1212333568530737,0.0
1.12617010131579,1.4142135623730951
1.1309624519490507,0.0
1.131654558863548,1.4142135623730951
1.1320881700697192,0.0
1.1321863339947256,1.4142135623730951
1.132320713101447,0.0
1.1325970447135028,1.4142135623730951
1.1330587005229014,0.0
1.1373061621195177,2.0
1.1373538151948026,3.0
1.1374600709068035,2.0
1.1375447013419513,3.0
1.1375505551611225,2.0
1.1375667799346676,3.0
1.137624881266648,2.0
1.1376853284921096,3.0
1.1376899834669272,2.0
1.1377197055143071,3.0
1.13789056597229,2.0
1.1378924694556554,3.0
1.1380426427807881,2.0
1.138153249296939,3.0
1.1382236623682858,2.0
1.1382584115849983,3.0
1.1384611640301332,2.0
1.1385062574824287,3.0
1.1386004379052903,2.0
1.138619445892883,3.0
1.1387900231655816,2.0
1.1390462921434767,3.0
1.1391308502151352,2.0
1.1391428480716579,3.0
1.1392190149853463,2.0
1.1392606047968044,3.0
1.139303946759416,2.0
1.1393147560563226,3.0
1.1395700265818467,2.0
1.1396357015901886,3.0
1.1396708735138967,2.0
1.1397501775673176,3.0
1.1399682133897864,2.0
1.1399709797376871,3.0
1.1399884718399225,2.0
1.1401715906757957,3.0
1.1403545613970227,2.0
1.1403614994356228,3.0
1.1407383744057313,2.0
1.140789068370496,3.0
1.1410038527965742,2.0
1.1410458469736662,3.0
1.1411165154026595,2.0
1.141165352232844,3.0
1.1412330397143553,2.0
1.14136234984796,3.0
1.1413664121904563,2.0
1.1413793398126326,3.0
1.1414407724308155,2.0
1.1415449516244305,3.0
1.141563426874459,2.0
1.1416549909810487,3.0
1.1416847212745207,2.0
1.1417751025576715,3.0
1.1418669694925037,2.0
1.1419406319114793,3.0
1.1421643603975873,2.0
1.1421980611093765,3.0
1.1422082312507804,2.0
1.1422104415013932,3.0
1.1422790577464033,2.0
1.1425313049933592,3.0
1.1426176467494977,2.0
1.142693067575875,3.0
1.142837243705419,2.0
1.1428733003099263,3.0
1.142921093436948,2.0
1.142996304506779,3.0
1.143034990928157,2.0
1.1430510334107133,3.0
1.1430709559448649,2.0
1.1431043528468643,3.0
1.1432053802942967,2.0
1.1432110930322812,3.0
1.1433398450948073,2.0
1.143382237090728,3.0
1.1434687848134826,2.0
1.1434919352080684,3.0
1.143599123063374,2.0
1.1436262686350775,3.0
1.1436786047708083,2.0
1.14368757010053,3.0
1.144121224328905,2.0
1.1441701843634091,3.0
1.1441972717866804,2.0
1.1441997890342241,3.0
1.1442769585134813,2.0
1.1443075028953682,3.0
1.1443447383623206,2.0
1.144381895752746,3.0
1.1443884199837748,2.0
1.144521269031625,3.0
1.1445358114530118,2.0
1.1447238712694805,3.0
1.1447267996197557,2.0
1.1449562938088398,3.0
1.1451364182299884,2.0
1.145145761159722,3.0
1.1451537548590738,2.0
1.145161325245587,3.0
1.1451652398234757,2.0
1.145188572874153,3.0
1.1452268260959497,2.0
1.1452296025448832,3.0
1.1452783636263213,2.0
1.1453718168679767,3.0
1.1454503026851999,2.0
1.1455258426814345,3.0
1.1456313387702985,2.0
1.14571097049581,3.0
1.1457608764122138,2.0
1.1457947247076712,3.0
1.145865928381152,2.0
1.1460544156453103,3.0
1.146090179591398,2.0
1.146120799836529,3.0
1.1462964332788155,2.0
1.1464108013550784,3.0
1.1464175548816828,2.0
1.1464875884285892,3.0
1.1465381225720015,2.0
1.1465456685812778,3.0
1.1465544684380329,2.0
1.1465847559797053,3.0
1.146645893174742,2.0
1.146803837395869,3.0
1.1468054885896946,2.0
1.1468488274443347,3.0
1.1468715426277858,2.0
1.147002716733691,3.0
1.1473412507207457,2.0
1.1474651068062918,3.0
1.1475801060633153,2.0
1.1476013025661445,3.0
1.1476432638611085,2.0
1.1477033506670034,3.0
1.1477052417683222,2.0
1.1477144459165236,3.0
1.147866872660546,2.0
1.1479042463984725,3.0
1.147913779510468,2.0
1.1480233664285246,3.0
1.1480500420559083,2.0
1.1480645115175188,3.0
1.1480718674455364,2.0
1.1481003504526628,3.0
1.1481724075180468,2.0
1.1481969790314093,3.0
1.1482929895662042,2.0
1.1483245802180422,3.0
1.1483428413416286,2.0
1.148474890867665,3.0
1.1485054845804614,2.0
1.148511287952177,3.0
1.1486110149738895,2.0
1.1557200227006572,0.0
1.1566220496810569,1.4142135623730951
1.1576194567537301,1.4142135623730951
1.15816482238147,0.0
1.158395226130882,1.4142135623730951
1.1591830337221056,0.0
1.1613941527435576,1.4142135623730951
1.1668694796334045,0.0
1.1689378330285616,1.4142135623730951
1.1716930912540273,1.4142135623730951
1.1751578432307896,1.4142135623730951
1.1764670900086733,0.0
1.1828796261387047,2.0
1.1829394285605992,3.0
1.1829442843426863,2.0
1.1830375216024407,3.0
1.1831518214389924,2.0
1.1831554084204066,3.0
1.1832357018406596,2.0
1.183471127898519,3.0
1.1834729974430303,2.0
1.1835454269433505,3.0
1.196257466519336,0.0
1.1963465344589144,1.4142135623730951
1.1985307979206412,0.0
1.198834196216944,1.4142135623730951
1.2009693618743966,0.0
1.2013425214128668,1.4142135623730951
1.2021300014910417,0.0
1.2023094887164258,1.4142135623730951
1.2781871238249676,2.0
1.2781882681383891,3.0
1.278234099098815,2.0
1.2782475304588008,3.0
1.2783305724580591,2.0
1.278510066451743,3.0
1.2788251130448867,2.0
1.2789009900943011,3.0
1.2791093473534711,2.0
1.280823021264233,0.0
1.283040489766745,1.4142135623730951
1.2851118915198982,1.4142135623730951
1.2855772718363763,0.0
1.2880721058592104,1.4142135623730951
1.2900292698233065,0.0
1.2900644323941806,1.4142135623730951
1.2914209597205824,0.0
1.292227658724626,2.0
1.2922745214523688,3.0
1.2923339996934877,2.0
1.2923942583859978,3.0
1.2924386036092856,2.0
1.2924789108954085,3.0
1.2925049242510067,2.0
1.2926004849473127,3.0
1.2930150721309874,2.0
1.2931316393626815,3.0
1.293152824056589,2.0
1.2968200449500735,0.0
1.296927711832709,1.4142135623730951
1.2981415749641607,0.0
1.2999620231205484,1.4142135623730951
1.3002852985975628,0.0
1.305002037243117,1.4142135623730951
1.3096403618011274,0.0
1.3098188138949682,1.4142135623730951
1.3122107322825256,0.0
1.3144670858262022,1.4142135623730951
1.3206106731182232,1.4142135623730951
1.321804778206996,1.4142135623730951
1.3218326225928392,0.0
1.3218730808731893,1.4142135623730951
1.3254891389669572,1.4142135623730951
1.325947659770851,0.0
1.3266748097525702,1.4142135623730951
1.334097085217587,1.4142135623730951
1.3379171491149073,1.4142135623730951
1.3406508517396651,0.0
1.3418179612037096,1.4142135623730951
1.3473614910123937,1.4142135623730951
1.3525482538331874,1.4142135623730951
1.355409039859257,1.4142135623730951
1.3707465381352604,1.4142135623730951
1.37150876931624,0.0
1.3717614845645858,1.4142135623730951
1.3725973935397497,0.0
1.3750784943051406,1.4142135623730951
1.38110321095429,1.4142135623730951
1.3816886663913772,0.0
1.3827502793131172,1.4142135623730951
1.3831415361193142,1.4142135623730951
1.3894965903662702,1.4142135623730951
1.3906447850670756,1.4142135623730951
1.5030853611212251,2.0
1.503113567453106,3.0
1.5031877535182454,2.0
1.50321520688805,3.0
1.5032513366730922,2.0
1.50331475895194,3.0
1.503357114782084,2.0
1.5033718054476588,3.0
1.5033774406277027,2.0
1.5034356544098606,3.0
1.5036118797226095,2.0
1.5036984820847696,3.0
1.5037758405042296,2.0
1.503784229698451,3.0
1.5039339822176125,2.0
1.5039419287981537,3.0
1.5039525194558916,2.0
1.5040072550414014,3.0
1.5040455945984235,2.0
1.5041250486496596,3.0
1.5041815819279378,2.0
1.504307356390593,3.0
1.5044725299785269,2.0
1.5044728131975609,3.0
1.504570415423567,2.0
1.504596935603219,3.0
1.5046510185695856,2.0
1.5046857930544189,3.0
1.5047885429141519,2.0
1.5048515072507995,3.0
1.5049385619995954,2.0
1.5050491202466312,3.0
1.5050886027898362,2.0
1.5051527665717088,3.0
1.5052854393731627,2.0
1.5053166018935702,3.0
1.5053642945794643,2.0
1.5054494866687613,3.0
1.5054527526708397,2.0
1.5054653614336253,3.0
1.5055652007997073,2.0
1.50556889416711,3.0
1.5057512596460905,2.0
1.5058792251039894,3.0
1.5058903349092319,2.0
1.5059888261100858,3.0
1.5060512173618112,2.0
1.5062132967409334,3.0
1.5062560408501797,2.0
1.5065504281226498,3.0
1.506577783386256,2.0
1.5066006477923606,3.0
1.5066401390727224,2.0
1.5067675053950529,3.0
1.5069557843469767,2.0
1.5069678207806056,3.0
1.507059117950671,2.0
1.5073823333202474,3.0
1.5074510691266563,2.0
1.5074637339149706,3.0
1.5075006448319044,2.0
1.5075042177598459,3.0
1.507572497638532,2.0
1.5076595143013156,3.0
1.5077120176875343,2.0
1.5077409814993288,3.0
1.5078346882794444,2.0
1.5079340995426505,3.0
1.5080664121363527,2.0
1.5081087385345793,3.0
1.5084931766089993,2.0
1.5086251797290444,3.0
1.5086996907353412,2.0
1.5088470498627726,3.0
1.5088986367586774,2.0
1.508958466619327,3.0
1.5091088309344283,2.0
1.5094539739403672,3.0
1.5094999526482709,2.0
1.5095135753502489,3.0
1.5095891080864763,2.0
1.5096571114665631,3.0
1.5096922156087063,2.0
1.5099560642578151,3.0
1.5101105423497971,2.0
1.5101159960460817,3.0
1.5103493887818205,2.0
1.510421535839368,3.0
1.5108300045952296,2.0
1.510967883834299,3.0
1.5110620386594957,2.0
1.5111327891707895,3.0
1.51114568264546,2.0
1.5111865265653779,3.0
1.5112488158366977,2.0
1.5114019355035766,3.0
1.5114105393419253,2.0
1.5115588856654907,3.0
1.5115940430404373,2.0
1.511611266127117,3.0
1.5117209736174133,2.0
1.5117542486155606,3.0
1.5118600821637693,2.0
1.5121982354962369,3.0
1.5122678535568408,2.0
1.5124032418353328,3.0
1.5124787160651247,2.0
1.5125193789488092,3.0
1.5125345502997216,2.0
1.5126015320077348,3.0
1.5128606081520495,2.0
1.5129308006103726,3.0
1.5130032401599045,2.0
1.513270712278771,3.0
1.5133901346976528,2.0
1.513431872644132,3.0
1.513447555066262,2.0
1.5135459369099336,3.0
1.5135487419344806,2.0
1.5136974095542937,3.0
1.51377866257,2.0
1.5138137742147564,3.0
1.513948611141804,2.0
1.5139789389487537,3.0
1.514026737453891,2.0
1.5141233545672028,3.0
1.5142253502585001,2.0
1.5142283512187826,3.0
1.5142905441582049,2.0
1.5145583840124404,3.0
1.5146649585177718,2.0
1.5147402068426143,3.0
1.5147432394359728,2.0
1.5147928108043485,3.0
1.5149158514344803,2.0
1.51493753562895,3.0
1.5149805254718778,2.0
1.5150101488187186,3.0
1.5150345859924421,2.0
1.515139592469309,3.0
1.5151852402177057,2.0
1.5154070497484748,3.0
1.515553357749531,2.0
1.515554531547127,3.0
1.5157233465409425,2.0
1.5157244001147636,3.0
1.5157560686054614,2.0
1.5157594611637262,3.0
1.5157988933054136,2.0
1.5158041408164695,3.0
1.5158651161337229,2.0
1.5159477641458428,3.0
1.515954279579741,2.0
1.5160034428579239,3.0
1.5160805069334373,2.0
1.516368911824441,3.0
1.5164119970090026,2.0
1.5164453229001118,3.0
1.5164461573986323,2.0
1.516525326491517,3.0
1.5166000240460535,2.0
1.516652141718147,3.0
1.51666745589524,2.0
1.5167280845125912,3.0
1.5168901790151046,2.0
1.517118074828505,3.0
1.5171641586388094,2.0
1.517165536626559,3.0
1.517200423267943,2.0
1.517248476254594,3.0
1.5172528899645465,2.0
1.5172618459035947,3.0
1.5172694913828637,2.0
1.5174393692921024,3.0
1.517447319743474,2.0
1.5176028241898052,3.0
1.5177616035908525,2.0
1.517799254775355,3.0
1.5178271115572064,2.0
1.5178631179491135,3.0
1.5180321127449252,2.0
1.5181639800193973,3.0
1.5182713595062154,2.0
1.5183764283292527,3.0
1.5184380506008908,2.0
1.5185107921634278,3.0
1.518590550765275,2.0
1.5186142232953344,3.0
1.5186187072152575,2.0
1.5259204332414735,0.0
1.5259776622702,1.4142135623730951
1.5272868361455525,0.0
1.5275821185329213,1.4142135623730951
1.528325569345043,0.0
1.5292218810825358,1.4142135623730951
1.53128070316232,0.0
1.5327409253155377,1.4142135623730951
1.536818543678788,0.0
1.537707295265164,1.4142135623730951
1.5384630742579972,1.4142135623730951
1.5400469387540257,1.4142135623730951
1.5419950318048157,0.0
1.5421410465893557,1.4142135623730951
1.5425295348677723,1.4142135623730951
1.5433756110831562,0.0
1.5445481717631344,1.4142135623730951
1.544642490993959,0.0
1.5488255776511315,2.0
1.549032915462198,3.0
1.5490490998008872,2.0
1.5490516647584633,3.0
1.5491570498719494,2.0
1.5492301292877133,3.0
1.5494427624979457,2.0
1.549462642771811,3.0
1.5494733013571906,2.0
1.5496289117512707,3.0
1.5496561441842067,2.0
1.5497159254955895,3.0
1.5497452621412022,2.0
1.5497966521588902,3.0
1.5498897869399528,2.0
1.5499268895135707,3.0
1.5500096920403164,2.0
1.5500676785926193,3.0
1.5501086238829413,2.0
1.550177087333041,3.0
1.5501828692591364,2.0
1.5502161321201446,3.0
1.550220236840196,2.0
1.5502460871898736,3.0
1.5503051308984963,2.0
1.5503054377595114,3.0
1.5503446110025434,2.0
1.5503577716566876,3.0
1.5505546626122615,2.0
1.5506538326433144,3.0
1.5506560481817795,2.0
1.5506578118820606,3.0
1.5508020098578725,2.0
1.550823072740825,3.0
1.550912030991372,2.0
1.5509319279461473,3.0
1.5510320802946298,2.0
1.5510332664522182,3.0
1.5510794295310713,2.0
1.5512076903339276,3.0
1.5513420023853244,2.0
1.5514025044409547,3.0
1.5515477885152948,2.0
1.5516371223616614,3.0
1.5516535372713245,2.0
1.5516535609745536,3.0
1.5518698429744633,2.0
1.5518833702442505,3.0
1.5519096821702232,2.0
1.5519331188426246,3.0
1.551973655016517,2.0
1.5519813868445134,3.0
1.5521606278604132,2.0
1.5522670341411386,3.0
1.5522704423893559,2.0
1.5522987133989294,3.0
1.5523578669392768,2.0
1.5523594027220229,3.0
1.5524251568838363,2.0
1.5525175799543294,3.0
1.5526040363771687,2.0
1.552605946816017,3.0
1.5526440682916671,2.0
1.5527659408007806,3.0
1.5527886971656164,2.0
1.5529524000383463,3.0
1.5529915198104032,2.0
1.5530304981239025,3.0
1.5532293963200297,2.0
1.5533810646623185,3.0
1.5538851076930962,2.0
1.5539186437515136,3.0
1.5540516033414813,2.0
1.5541870809239449,3.0
1.5542389598479258,2.0
1.5542694940101842,3.0
1.5542845314253173,2.0
1.5543236556603488,3.0
1.5544183164535115,2.0
1.5545760991395694,3.0
1.5546351120962831,2.0
1.5547182721172104,3.0
1.554724863523017,2.0
1.5549249983584685,3.0
1.554978801482518,2.0
1.5551032943583833,3.0
1.5551393568628593,2.0
1.555166739656203,3.0
1.555181951381432,2.0
1.555229642731,3.0
1.5552336137782596,2.0
1.555256608457341,3.0
1.555285736591898,2.0
1.555599194474794,3.0
1.5556038442023667,2.0
1.555704059562075,3.0
1.5557219947611685,2.0
1.5557895252824188,3.0
1.555925762166403,2.0
1.5560162256467642,3.0
1.5561386891263358,2.0
1.55619613524765,3.0
1.5564362705756574,2.0
1.5566755799445313,3.0
1.5567132661894159,2.0
1.5567247754848914,3.0
1.5567563402713613,2.0
1.5567676901200769,3.0
1.5567702676463622,2.0
1.5568132729028548,3.0
1.5568409978272495,2.0
1.5569541818142993,3.0
1.5570513171394589,2.0
1.5570659061933458,3.0
1.557088363100637,2.0
1.5572175693328687,3.0
1.5572502197009561,2.0
1.557321042937881,3.0
1.5573372227310394,2.0
1.5575977309907982,3.0
1.5576211276859468,2.0
1.5577847089104844,3.0
1.5578481603251229,2.0
1.55800982660394,3.0
1.5581096007399418,2.0
1.558418354485747,3.0
1.5584321687703533,2.0
1.5585495806125618,3.0
1.558667646216301,2.0
1.559160953914134,3.0
1.5591661827156176,2.0
1.5592479431140764,3.0
1.5592895829048683,2.0
1.5594154585733444,3.0
1.5595352580771742,2.0
1.5595429919742059,3.0
1.5596777292827433,2.0
1.5597160447629956,3.0
1.55975756299715,2.0
1.559830495299824,3.0
1.5599907826773032,2.0
1.5600774972182034,3.0
1.5600915544521683,2.0
1.5603653166368543,3.0
1.5605501596987812,2.0
1.5606186066841303,3.0
1.5607062574684745,2.0
1.5607403521837768,3.0
1.5608022408534188,2.0
1.5610023237906827,3.0
1.5613225111463978,2.0
1.5614010917911945,3.0
1.5614146604996029,2.0
1.5614779925661713,3.0
1.5615677527735747,2.0
1.5617491241685835,3.0
1.561755917272511,2.0
1.5619073901814395,3.0
1.5620173801568418,2.0
1.5620670448055944,3.0
1.5621284479606725,2.0
1.5622423185145862,3.0
1.5622686649340385,2.0
1.5625180853801481,3.0
1.5625938342077994,2.0
1.5626331192473553,3.0
1.5626380912816806,2.0
1.5626665227627374,3.0
1.5626954726622264,2.0
1.5628101801345742,3.0
1.5628749362086416,2.0
1.5628943776449846,3.0
1.5629124138961026,2.0
1.5629419922884604,3.0
1.5629691129222023,2.0
1.562986712748427,3.0
1.5630304517685703,2.0
1.5630724219324004,3.0
1.5631057693373567,2.0
1.5631418255683436,3.0
1.5631572746873308,2.0
1.5634218969262794,3.0
1.5634873306549224,2.0
1.56351571144552,3.0
1.5635366065365741,2.0
1.5635673283547746,3.0
1.563587865341976,2.0
1.5636103350627673,3.0
1.5636967138437066,2.0
1.5638920064799353,3.0
1.5640351577585485,2.0
1.5640548890310493,3.0
1.5640595306674057,2.0
1.5640875057794834,3.0
1.5641833879521605,2.0
1.5643315546889762,3.0
1.56433203967083,2.0
1.564363307687845,3.0
1.56437188968239,2.0
1.5644082069972465,3.0
1.564675782073426,2.0
1.5648436931156338,3.0
1.5648454019954832,2.0
1.5649538613675535,3.0
1.5649800828444247,2.0
1.565062083304994,3.0
1.5651697005333445,2.0
1.5652177273920804,3.0
1.5652814656920326,2.0
1.5655039040017937,3.0
1.5655082000825165,2.0
1.5656828745646594,3.0
1.5657943492725996,2.0
1.5658551010384472,3.0
1.5658649335086523,2.0
1.5660241733091016,3.0
1.566038642510856,2.0
1.5660741408353678,3.0
1.5661486604077408,2.0
1.5661817257996844,3.0
1.5662338819865524,2.0
1.566318879849652,3.0
1.566339414777772,2.0
1.5663661579396342,3.0
1.5666414187546778,2.0
1.5666762878515985,3.0
1.5667768093350036,2.0
1.5667809424117463,3.0
1.566950791905814,2.0
1.567395226804533,3.0
1.567422159492214,2.0
1.5674238519707413,3.0
1.567433854070999,2.0
1.5674600324273387,3.0
1.5676247889232846,2.0
1.5676306302962144,3.0
1.5677542640569007,2.0
1.5677617572229892,3.0
1.5677992822073803,2.0
1.5679506224167465,3.0
1.5679668094215162,2.0
1.5680940348403989,3.0
1.5683907015974083,2.0
1.5684073026605054,3.0
1.5684082563099726,2.0
1.5711822121006995,0.0
1.5739274601113928,1.4142135623730951
1.5748664062083095,1.4142135623730951
1.577434371510032,1.4142135623730951
1.5812456580696579,0.0
1.5817218939164959,1.4142135623730951
1.5831212298967916,0.0
1.583952122122891,1.4142135623730951
1.5855493531299405,0.0
1.5876604841117947,1.4142135623730951
1.5876951836006665,0.0
1.58895379508571,1.4142135623730951
1.591372944077987,1.4142135623730951
1.5919631111236092,0.0
1.5928647578743627,1.4142135623730951
1.5938996953745372,0.0
1.5941913829860244,1.4142135623730951
1.5991521471003256,1.4142135623730951
1.6019124242684466,1.4142135623730951
1.6025154776303878,0.0
1.6031016407729026,1.4142135623730951
1.6035787144379774,0.0
1.604859783133671,1.4142135623730951
1.6058662938689863,0.0
1.6060604696466925,1.4142135623730951
1.6105172347363224,0.0
1.6106463009338678,1.4142135623730951
1.6106809643643551,0.0
1.6117198665988701,1.4142135623730951
1.6126263718345006,0.0
1.612948417346687,1.4142135623730951
1.6135099870992127,0.0
1.6138153585233816,1.4142135623730951
1.6138589515036876,0.0
1.6212114161929088,1.4142135623730951
1.6220114836872233,0.0
1.6236195098390374,1.4142135623730951
1.6252418179721506,0.0
1.626861015280083,2.0
1.6270685335770383,3.0
1.6270696166215761,2.0
1.6271577495726188,3.0
1.6272078947712136,2.0
1.627240254088467,3.0
1.6272617601283443,2.0
1.6273849942091738,3.0
1.627434248218525,2.0
1.6274406377921484,3.0
1.6276250811240098,2.0
1.6276583329487935,3.0
1.6276588968137466,2.0
1.6287060334423527,0.0
1.630064615023016,1.4142135623730951
1.6330078699774238,1.4142135623730951
1.6332149860953786,0.0
1.6335992938110873,1.4142135623730951
1.6341028899835204,0.0
1.6350783108262508,1.4142135623730951
1.636629442044377,0.0
1.6378868716151385,1.4142135623730951
1.6454765955908204,1.4142135623730951
1.6468325336321266,0.0
1.6476918957330895,1.4142135623730951
1.6483091768322065,0.0
1.6489936090325594,1.4142135623730951
1.6490353046936734,0.0
1.6492602403411476,1.4142135623730951
1.6500996711063238,0.0
1.65028961075846,1.4142135623730951
1.6510081889797892,0.0
1.6522368303058244,1.4142135623730951
1.6523597619232564,0.0
1.6547157360235811,1.4142135623730951
1.6623577509604879,0.0
1.6651637041846783,1.4142135623730951
1.6655469980913333,0.0
1.6660246844914366,1.4142135623730951
1.6663877363431574,0.0
1.668617110815417,1.4142135623730951
1.6710182208380207,1.4142135623730951
1.6714610212832908,0.0
1.6720787235622976,1.4142135623730951
1.6765503101982666,1.4142135623730951
1.6766607117521835,1.4142135623730951
1.6787528214037328,0.0
1.6795947395539725,1.4142135623730951
1.6840138158968632,1.4142135623730951
1.6841911291326042,0.0
1.6846873033457115,1.4142135623730951
1.6859535580847538,0.0
1.6862865040826733,1.4142135623730951
1.688953698515226,0.0
1.6901852812853349,1.4142135623730951
1.6929241109137765,0.0
1.6945559134954344,1.4142135623730951
1.7003897136249997,0.0
1.7014285121834742,1.4142135623730951
1.708982703738228,1.4142135623730951
1.7101653619578894,0.0
1.7101793435672086,1.4142135623730951
1.7102834670957177,0.0
1.7117159759602574,1.4142135623730951
1.714064106109563,0.0
1.7169219773652535,1.4142135623730951
1.7186001678349578,0.0
1.7193213694923488,1.4142135623730951
1.7194432319847188,0.0
1.719479039931637,1.4142135623730951
1.7219989090267036,1.4142135623730951
1.7253437551351474,0.0
1.72617150160664,1.4142135623730951
1.7265522526792545,0.0
1.7292144468319388,2.0
1.7292811370219976,3.0
1.729288257525622,2.0
1.7293940724832537,3.0
1.7295393362676494,2.0
1.7295437379543,3.0
1.7297548787506118,2.0
1.7297708378044063,3.0
1.7298099917473158,2.0
1.7299616202682022,3.0
1.729970834892619,2.0
1.730303760924727,3.0
1.7303056569409165,2.0
1.7303365237857689,3.0
1.730494968418296,2.0
1.7306052568491044,3.0
1.7306536676608741,2.0
1.7306730720941712,3.0
1.730867232061445,2.0
1.7309238008283245,3.0
1.7309481119208863,2.0
1.7310267906443302,3.0
1.731108082737684,2.0
1.731260242986908,3.0
1.7312987482964126,2.0
1.7313032305740248,3.0
1.7314929266807486,2.0
1.7316395624248306,3.0
1.731828601507552,2.0
1.7318287916845188,3.0
1.7323271608143447,2.0
1.7323613684906842,3.0
1.7326337449858722,2.0
1.7327393173787775,3.0
1.7329926568168146,2.0
1.73299814237108,3.0
1.7330084697476729,2.0
1.7330521994878878,3.0
1.733301724515506,2.0
1.7333060175340596,3.0
1.7334068847240114,2.0
1.7335083180554978,3.0
1.7335264277664386,2.0
1.7335328716557137,3.0
1.7336097490815678,2.0
1.7337713401114023,3.0
1.73387898431954,2.0
1.7338963686804432,3.0
1.7338971911173975,2.0
1.7340301653418775,3.0
1.7340724639925116,2.0
1.7341500181768903,3.0
1.734305948226548,2.0
1.7343357234045194,3.0
1.7343418576969847,2.0
1.7345377502813146,3.0
1.7345648675087955,2.0
1.734805031645257,3.0
1.734854351986189,2.0
1.7348775445678226,3.0
1.7348789418890058,2.0
1.7350269082580159,3.0
1.7350575873993481,2.0
1.7350741248011656,3.0
1.7351059925681869,2.0
1.7351103540414616,3.0
1.7352961116640426,2.0
1.7353492759855005,3.0
1.735412396231383,2.0
1.7358806610665445,3.0
1.7359787755193492,2.0
1.736013504161721,3.0
1.7361885470896585,2.0
1.7361983434278665,3.0
1.736229059359412,2.0
1.7363369332270988,3.0
1.7363970927934784,2.0
1.7364470537103438,3.0
1.7365032774661158,2.0
1.7365117728637913,3.0
1.7365244477863488,2.0
1.7365990132488436,3.0
1.736713131660059,2.0
1.7367279453797264,3.0
1.7368197393554459,2.0
1.7368793753692815,3.0
1.7368951495438383,2.0
1.737048340347751,3.0
1.7371194537837873,2.0
1.737185021354907,3.0
1.7374411521265016,2.0
1.7375169125617826,3.0
1.7375819941285169,2.0
1.7376710256603969,3.0
1.7377860229610689,2.0
1.7378838799454206,3.0
1.737952861704101,2.0
1.7380769597374488,3.0
1.7382556317482218,2.0
1.7383881716251293,3.0
1.7385055757899606,2.0
1.7385439326098548,3.0
1.738617562919935,2.0
1.7388084419842997,3.0
1.7389313107460642,2.0
1.7389397697705806,3.0
1.7390158024408933,2.0
1.7390236905938465,3.0
1.7390312785654685,2.0
1.7392439251934522,3.0
1.739302605835018,2.0
1.7393627238917493,3.0
1.739441207223605,2.0
1.739504162311729,3.0
1.7397568589928556,2.0
1.7398812322682389,3.0
1.739912393410725,2.0
1.7399604162474893,3.0
1.7400631629446783,2.0
1.7400823698538912,3.0
1.740341578471977,2.0
1.7403886145005516,3.0
1.7403903472871087,2.0
1.7404821590503128,3.0
1.7404875462486278,2.0
1.7406101307222093,3.0
1.7409719526617158,2.0
1.740997070145398,3.0
1.7409980017086684,2.0
1.7410392350389345,3.0
1.7410789777844127,2.0
1.7411297872334408,3.0
1.7411336503675017,2.0
1.7411738779039687,3.0
1.7412130109199797,2.0
1.7413076302541033,3.0
1.7413096719424859,2.0
1.741447526275483,3.0
1.7415261747038546,2.0
1.7417203065184177,3.0
1.7417288919502758,2.0
1.7417328552010067,3.0
1.7418864551797704,2.0
1.7418971305742257,3.0
1.7419167738894576,2.0
1.7420569047164027,3.0
1.7420658130774487,2.0
1.7420956642312857,3.0
1.742121257159557,2.0
1.7421692946896417,3.0
1.7422283400784078,2.0
1.7423595471192292,3.0
1.7424298824506934,2.0
1.742496504582046,3.0
1.7425114091741691,2.0
1.7425586242182538,3.0
1.742639973640322,2.0
1.7426543256909004,3.0
1.7427099314983756,2.0
1.7427677537851178,3.0
1.743036703959066,2.0
1.7431234713761004,3.0
1.7431497227411406,2.0
1.7432786892813648,3.0
1.7434181605355556,2.0
1.7436036724215949,3.0
1.7436303485439602,2.0
1.7437038152905195,3.0
1.743741838312199,2.0
1.7438683307169511,3.0
1.744043231479678,2.0
1.7441911740104623,3.0
1.744233725473732,2.0
1.7442829046769914,3.0
1.7443446279252257,2.0
1.7444724586153637,3.0
1.7445316709151157,2.0
1.7446518427508853,3.0
1.744672991167162,2.0
1.744680379962467,3.0
1.7446848674083462,2.0
1.74473660906539,3.0
1.7447700559827697,2.0
1.7447745947887188,3.0
1.7447936601226497,2.0
1.744813779787441,3.0
1.744982669223031,2.0
1.7450171262918297,3.0
1.745089781108379,2.0
1.7451059801115891,3.0
1.7451989414950564,2.0
1.750681081802892,0.0
1.7520163521275893,1.4142135623730951
1.7524938757099278,0.0
1.7524991794559452,1.4142135623730951
1.7538599602691567,1.4142135623730951
1.7540385602085822,0.0
1.754063852158188,1.4142135623730951
1.7551316290650518,0.0
1.7553148344039076,1.4142135623730951
1.7555334015948998,0.0
1.7602946044836838,1.4142135623730951
1.7661905164803031,0.0
1.7671751212942284,1.4142135623730951
1.7672356106938791,1.4142135623730951
1.7678304852618556,1.4142135623730951
1.7682189391925216,2.0
1.7682299716447967,3.0
1.768530023669191,2.0
1.768563556229636,3.0
1.7686048886345052,2.0
1.7687110225659846,3.0
1.768775670169717,2.0
1.7689912682052364,3.0
1.7690693164547662,2.0
1.7690871951894938,3.0
1.7691376547006306,2.0
1.7691549504357815,3.0
1.7693137863805544,2.0
1.7693530444518826,3.0
1.7694537958036782,2.0
1.7694694718531698,3.0
1.7695948305038927,2.0
1.769661163531131,3.0
1.769803857241769,2.0
1.7699074970404185,3.0
1.7699704723990408,2.0
1.7699877067225154,3.0
1.770031758858638,2.0
1.7701612565800862,3.0
1.770182782979101,2.0
1.7703378280996447,3.0
1.7703504187942056,2.0
1.770628601128216,3.0
1.7707584741215519,2.0
1.7710056513478856,0.0
1.772282838420541,1.4142135623730951
1.7732348481302482,1.4142135623730951
1.7739124653453195,0.0
1.7834512292503353,2.0
1.7834646805440453,3.0
1.78353612587408,2.0
1.783588031521622,3.0
1.783854873621499,2.0
1.783898979215984,3.0
1.7839517561575675,2.0
1.7839699610213058,3.0
1.7840063134283553,2.0
1.7840363463019417,3.0
1.7840453309963338,2.0
1.7840478467009617,3.0
1.7842171787802537,2.0
1.7843391598246372,3.0
1.784353742506058,2.0
1.7844093807654886,3.0
1.7844501576187342,2.0
1.7845088899721533,3.0
1.7846375339280038,2.0
1.784846319771097,3.0
1.7848671072245104,2.0
1.7849401103321194,3.0
1.7849402466423197,2.0
1.7850202671254276,3.0
1.7850254799280978,2.0
1.7850749972264364,3.0
1.7851370231768346,2.0
1.785358861465536,3.0
1.7853734895293543,2.0
1.7855733721602676,3.0
1.7856629907950947,2.0
1.7856847906021787,3.0
1.7856887895552909,2.0
1.7859742983101639,3.0
1.7859955257764781,2.0
1.785999383766277,3.0
1.7861539748300097,2.0
1.786226146131723,3.0
1.786273728184742,2.0
1.7863172173609676,3.0
1.7863455698497785,2.0
1.78639219896265,3.0
1.7864569342854115,2.0
1.7864636616699627,3.0
1.7865990763398123,2.0
1.786654388507429,3.0
1.7866590659955708,2.0
1.7867616755064406,3.0
1.7868720519766919,2.0
1.787044242237648,3.0
1.7873067529847113,2.0
1.7873543471736262,3.0
1.7874206641411499,2.0
1.7874410241286511,3.0
1.7875309607573502,2.0
1.7875442239662878,3.0
1.7875448750649727,2.0
1.7875612073193887,3.0
1.7878576384444334,2.0
1.787945354021456,3.0
1.7879862755135862,2.0
1.7880113203258048,3.0
1.7881523168583795,2.0
1.7881928443453226,3.0
1.788193796473914,2.0
1.7883536957777433,3.0
1.7883735847468436,2.0
1.788413928048401,3.0
1.7884891388176336,2.0
1.78856771037943,3.0
1.7886259763432484,2.0
1.7887277173900198,3.0
1.7887939382443974,2.0
1.7888042263577348,3.0
1.788871347645641,2.0
1.7889497452922456,3.0
1.7890455991276377,2.0
1.789144775096137,3.0
1.7893987282068489,2.0
1.7894875083360902,3.0
1.7896101380436522,2.0
1.7896408099631536,3.0
1.7896868920203055,2.0
1.7898144865449725,3.0
1.7899193208014925,2.0
1.7899845316344694,3.0
1.7901024837751116,2.0
1.790108056203471,3.0
1.7905011393013048,2.0
1.7905821167005533,3.0
1.7905923804340982,2.0
1.790947669113859,3.0
1.7911548087912652,2.0
1.7911740878135591,3.0
1.791188283755413,2.0
1.791271740331436,3.0
1.7912782256373705,2.0
1.7913511846789305,3.0
1.7914629760386758,2.0
1.7915143423513107,3.0
1.791544200988574,2.0
1.7915599551197048,3.0
1.791778576153909,2.0
1.7918124661240102,3.0
1.7918237138979523,2.0
1.7919743327963267,3.0
1.7920180591398303,2.0
1.7920304682811126,3.0
1.7920813514433989,2.0
1.7921271626228228,3.0
1.7921293578718656,2.0
1.7921686759293354,3.0
1.7921763375383273,2.0
1.7922432812578533,3.0
1.7924006839512294,2.0
1.7926887641510827,3.0
1.7927775713952478,2.0
1.7928908466373923,3.0
1.7929664652995025,2.0
1.793137189364517,3.0
1.7932762384325585,2.0
1.7934876482597328,3.0
1.7935380941876529,2.0
1.7935789333562557,3.0
1.7936258253192434,2.0
1.7937296654889126,3.0
1.7937387247594974,2.0
1.7938201192914538,3.0
1.793872671657181,2.0
1.793895320879474,3.0
1.7943992576705174,2.0
1.7944251352191092,3.0
1.7944437501394535,2.0
1.7945809575246006,3.0
1.7946502807916478,2.0
1.7946637401600098,3.0
1.7950161367605282,2.0
1.7950929230516668,3.0
1.795123776072921,2.0
1.7951759415580035,3.0
1.7952106728111499,2.0
1.7953170384657842,3.0
1.7953305813183398,2.0
1.795339780526835,3.0
1.7956250632383983,2.0
1.7957471493554054,3.0
1.7957777942248825,2.0
1.7958514965902963,3.0
1.7959854747960957,2.0
1.796043310914374,3.0
1.796178215894417,2.0
1.7969215681163926,3.0
1.796948735514664,2.0
1.796948952913592,3.0
1.7970064627019011,2.0
1.7970670981024126,3.0
1.7970877914454588,2.0
1.7971073275994955,3.0
1.797216882356357,2.0
1.7973016757965155,3.0
1.7973264630275991,2.0
1.7974086044234667,3.0
1.7975126168008575,2.0
1.7977027281999882,3.0
1.797787606080357,2.0
1.7977904760588765,3.0
1.798124803053973,2.0
1.798143197931817,3.0
1.7981635390760828,2.0
1.7984356886539141,3.0
1.7985068516403888,2.0
1.798521394045676,3.0
1.7985779430603872,2.0
1.798696345017945,3.0
1.7987581844306728,2.0
1.79878021434623,3.0
1.7987875553371104,2.0
1.7988330759298117,3.0
1.7989860273785152,2.0
1.799024330870856,3.0
1.7991282569050737,2.0
1.7994486420115778,3.0
1.7996123713553616,2.0
1.7996744650350185,3.0
1.799725094414169,2.0
1.799733041606906,3.0
1.7998276065715215,2.0
1.799979049671086,3.0
1.8000053690825608,2.0
1.8000231358112315,3.0
1.800027238239084,2.0
1.800127502863634,3.0
1.8001614251564813,2.0
1.8003501623957632,3.0
1.8004962320881999,2.0
1.800514153981102,3.0
1.8005439586437202,2.0
1.800547071752797,3.0
1.8005489059091064,2.0
1.8006463549313052,3.0
1.8006517293108089,2.0
1.8006655270843541,3.0
1.8007095899063958,2.0
1.8008036869126516,3.0
1.8009812477227047,2.0
1.8011868822701553,3.0
1.8011981647960016,2.0
1.8012162111051473,3.0
1.8012448753983412,2.0
1.801348713055029,3.0
1.801630548249163,2.0
1.8017530752782238,3.0
1.8017685871522329,2.0
1.8018610027932238,3.0
1.8018926807200053,2.0
1.8019013533361785,3.0
1.8019557845624325,2.0
1.801998394412601,3.0
1.8020143473523884,2.0
1.8020462196700042,3.0
1.8021122170694974,2.0
1.80214405277977,3.0
1.8022358800621328,2.0
1.802312859040862,3.0
1.8023344603663167,2.0
1.8023521979476382,3.0
1.802483663259331,2.0
1.802491594810169,3.0
1.8025896983860554,2.0
1.8026492603044328,3.0
1.802774479463713,2.0
1.8027885829112624,3.0
1.802797969529185,2.0
1.8030560661437425,3.0
1.8034245529752508,2.0
1.8034603212273637,3.0
1.8041069160750784,2.0
1.8044371467288096,3.0
1.8044483021228124,2.0
1.8046718728985194,3.0
1.8047711029652855,2.0
1.8048768062821212,3.0
1.8049745559793597,2.0
1.8050964804115524,3.0
1.8051036719907962,2.0
1.8051457291473751,3.0
1.8052856377557251,2.0
1.8053787910360697,3.0
1.805421831145997,2.0
1.805455452172468,3.0
1.805487781100511,2.0
1.8073566831117982,0.0
1.8182408389201106,1.4142135623730951
1.819736793018878,0.0
1.864343585674097,3.0
1.8644132291359237,2.0
1.864419907453726,3.0
1.864469183404285,2.0
1.8645994423247945,3.0
1.864618371615619,2.0
1.8647433126804411,3.0
1.8648676657485603,2.0
1.8748255249352677,0.0
1.8765242552994363,1.4142135623730951
1.8768525499798514,0.0
1.8772528372489594,1.4142135623730951
1.8779917784024134,0.0
1.8818623161886157,1.4142135623730951
1.88300281748797,0.0
1.8831905560346538,1.4142135623730951
1.8850462662257141,0.0
1.8857793746005733,1.4142135623730951
1.8864995030417566,0.0
1.8868224748599176,1.4142135623730951
1.8919564098911597,1.4142135623730951
1.8919636888382136,1.4142135623730951
1.8920329187847456,0.0
1.8931737641076694,1.4142135623730951
1.8953566790750798,0.0
1.8953817378105173,1.4142135623730951
1.895896714172851,0.0
1.9116999645990385,2.0
1.9117110002674917,3.0
1.9117397214327942,2.0
1.9117530917610381,3.0
1.9117564508656626,2.0
1.9118509943759068,3.0
1.912257915864041,2.0
1.9122791612365646,3.0
1.9123688262522323,2.0
1.912619150520897,3.0
1.9126771528940416,2.0
1.9128159850407713,3.0
1.9129146402121384,2.0
1.9130192366384877,3.0
1.913030435428963,2.0
1.9130943018637143,3.0
1.9131968313494545,2.0
1.9133303131124417,3.0
1.9134497921299378,2.0
1.9135751660250613,3.0
1.913582344234552,2.0
1.9137312726868418,3.0
1.9137523333228663,2.0
1.9138287309635702,3.0
1.913881723400681,2.0
1.9140222196465178,3.0
1.9140554956926377,2.0
1.9142800547513619,3.0
1.9142805672708705,2.0
1.9143733032041086,3.0
1.9144896570548209,2.0
1.914519045175478,3.0
1.914566497027298,2.0
1.9146149143527338,3.0
1.9146333989769286,2.0
1.914636411405337,3.0
1.9146891346742352,2.0
1.9147826573223143,3.0
1.9148083212074574,2.0
1.9148092321225607,3.0
1.9148977811752443,2.0
1.9150249695922423,3.0
1.915118299917224,2.0
1.915207046851635,3.0
1.9152175707167571,2.0
1.915566323673287,3.0
1.9156718110206057,2.0
1.9157529991336006,3.0
1.9158000782637257,2.0
1.915914183839041,3.0
1.915987973478602,2.0
1.9160660119862634,3.0
1.9161291918869052,2.0
1.9163123779251687,3.0
1.91632496265622,2.0
1.9163634156399558,3.0
1.9164194017383167,2.0
1.9165853038204312,3.0
1.9167524120152806,2.0
1.9168458045851937,3.0
1.9168595689751788,2.0
1.91701664250549,3.0
1.9172290928898008,2.0
1.91723045340549,3.0
1.917400655145619,2.0
1.9174137436779617,3.0
1.9174949782146988,2.0
1.9175062639924072,3.0
1.9175424820912765,2.0
1.917659599131269,3.0
1.9177593817029495,2.0
1.9177659372989913,3.0
1.9178123461915546,2.0
1.9178461507914384,3.0
1.918051529660646,2.0
1.9181713259490878,3.0
1.9183962739528344,2.0
1.9184240843948672,3.0
1.9184766026028353,2.0
1.9185208059417356,3.0
1.9186223169447854,2.0
1.918705892885688,3.0
1.918728823135012,2.0
1.9187969198670247,3.0
1.9188237984053305,2.0
1.9189868266019574,3.0
1.9190501348870834,2.0
1.9247613107284163,0.0
1.9249698297198823,1.4142135623730951
1.925750750661537,0.0
1.9281000647751863,1.4142135623730951
1.9282225507722637,1.4142135623730951
1.9282240438114941,0.0
1.9322342083907489,2.0
1.9322821408509392,3.0
1.9323805292104193,2.0
1.9324188610377022,3.0
1.9324404774544046,2.0
1.9326180291334647,3.0
1.9327154489199134,2.0
1.9328850395596582,3.0
1.9329311245569336,2.0
1.932974101907906,3.0
1.9331405350352455,2.0
1.9332507205183587,3.0
1.9332947527882764,2.0
1.9334751055344805,3.0
1.9335261505389494,2.0
1.9336194096375934,3.0
1.9336846743408906,2.0
1.933730403747293,3.0
1.9343481390529105,2.0
1.9343534530131028,3.0
1.9343707193183324,2.0
1.9344782175021427,3.0
1.9348367111258038,2.0
1.9348750798775503,3.0
1.9348849915111226,2.0
1.9349517971786128,3.0
1.934984122707581,2.0
1.9350381794981015,3.0
1.935052428963781,2.0
1.9351488631135458,3.0
1.9352268592135065,2.0
1.9352409360070655,3.0
1.9353164141531323,2.0
1.9353577579986165,3.0
1.9353791339093265,2.0
1.9354361380467637,3.0
1.9354453378882688,2.0
1.9354621556242069,3.0
1.9355962772166897,2.0
1.9357572863036483,3.0
1.9357721993018424,2.0
1.935784829445361,3.0
1.9359283954282225,2.0
1.9359438547797183,3.0
1.9359516584974206,2.0
1.936041947571935,3.0
1.9362229874008914,2.0
1.9364121861040273,3.0
1.9365101896429568,2.0
1.9365269300660128,3.0
1.936800356944524,2.0
1.9368327663742606,3.0
1.93696408973322,2.0
1.9370123117984102,3.0
1.9370286333952111,2.0
1.937091026797569,3.0
1.9371814227568562,2.0
1.9372439787922904,3.0
1.9372786249482852,2.0
1.9373852426940956,3.0
1.9373861452232088,2.0
1.9374614410040663,3.0
1.9375446659806046,2.0
1.9376501668375707,3.0
1.9376547936402215,2.0
1.9376736078465342,3.0
1.937693940945513,2.0
1.937737081004877,3.0
1.9378307173557343,2.0
1.9378398721562533,3.0
1.9378578374656465,2.0
1.9380164661378991,3.0
1.9380566888499275,2.0
1.9381149209728792,3.0
1.9382089974245922,2.0
1.9382332836506546,3.0
1.938239403544388,2.0
1.9382661846555096,3.0
1.9383575681848602,2.0
1.938388683698663,3.0
1.9384753807679846,2.0
1.9387665553774138,3.0
1.9389134256083067,2.0
1.9389400828082073,3.0
1.9389771810976397,2.0
1.9390472279926134,3.0
1.9390615800876028,2.0
1.9390711445821183,3.0
1.9391138788383604,2.0
1.9391208954676535,3.0
1.9391976012822822,2.0
1.9392564019194367,3.0
1.9392652001263269,2.0
1.9393495114428971,3.0
1.9395028674421095,2.0
1.9398372137832252,3.0
1.9398817333195084,2.0
1.93988784652239,3.0
1.93992073768576,2.0
1.939931532405601,3.0
1.9399649527491538,2.0
1.9400692253434997,3.0
1.9401205423903038,2.0
1.9403442419025494,3.0
1.9403995293510277,2.0
1.940496278068418,3.0
1.940500025812786,2.0
1.9406438890196804,3.0
1.9406526663489088,2.0
1.9407380689507472,3.0
1.9408390430887859,2.0
1.940908448579489,3.0
1.9409114741531606,2.0
1.9409222926881127,3.0
1.9409725894115342,2.0
1.941052345893286,3.0
1.9411661863236764,2.0
1.9412232310161697,3.0
1.9413256786530955,2.0
1.9413834205167084,3.0
1.9415256459941543,2.0
1.9416513578731671,3.0
1.9417125920386766,2.0
1.9418453485170872,3.0
1.9419514770720039,2.0
1.9419606209007323,3.0
1.9419842766407782,2.0
1.9420175588148896,3.0
1.942030908142938,2.0
1.9420336954576813,3.0
1.9423765536862867,2.0
1.9435020159227827,0.0
1.9439310469634978,1.4142135623730951
1.9459183560110427,0.0
1.9467875343156493,1.4142135623730951
1.9469007988866092,1.4142135623730951
1.9479150698797634,1.4142135623730951
1.949010097232733,0.0
1.9494203863851007,1.4142135623730951
1.9507951426676424,0.0
1.9516485671525703,1.4142135623730951
1.9533602348611658,0.0
1.960031968985911,2.0
1.9600732805158902,3.0
1.9601011890003683,2.0
1.9602857035621184,3.0
1.960666153761915,2.0
1.9606908740005895,3.0
1.9607794609499087,2.0
1.9608628311598775,3.0
1.9608902829428205,2.0
1.961001240157371,3.0
1.9610500606546684,2.0
1.9611898765299824,3.0
1.9612062416356422,2.0
1.9612488323240755,3.0
1.9613048936090536,2.0
1.961799358562994,3.0
1.961815824178334,2.0
1.9620523806500374,3.0
1.9621105594267878,2.0
1.9621544092459964,3.0
1.962265713454391,2.0
1.962295582816371,3.0
1.9623246580632743,2.0
1.9624422784706317,3.0
1.962474922881573,2.0
1.9625241019880661,3.0
1.9625396988941333,2.0
1.9625812815244228,3.0
1.9626437572119164,2.0
1.9626814890269584,3.0
1.9627545430333178,2.0
1.962818138046708,3.0
1.9628289242223034,2.0
1.9628795333424447,3.0
1.9628994784284344,2.0
1.9629281975775554,3.0
1.9629773579716565,2.0
1.9630759560727342,3.0
1.9632092576349496,2.0
1.9632717162566065,3.0
1.9633001602090994,2.0
1.9633212402669642,3.0
1.9633402169451526,2.0
1.963430266324446,3.0
1.9634716377645542,2.0
1.963586220050901,3.0
1.9636191671231753,2.0
1.9637046002420637,3.0
1.9637553345359406,2.0
1.9637579654493007,3.0
1.9641165982474595,2.0
1.9645403271019923,3.0
1.9645863284822835,2.0
1.9645954751159633,3.0
1.9646436382976242,2.0
1.964647853545254,3.0
1.964659631200445,2.0
1.9648454614356032,3.0
1.964858389692649,2.0
1.9649765026012604,3.0
1.9649943423680887,2.0
1.9651254633953343,3.0
1.965135524669048,2.0
1.9652047591562458,3.0
1.9653026755148517,2.0
1.965335635691836,3.0
1.9653863551830832,2.0
1.965393177136241,3.0
1.9656327888803033,2.0
1.9656348849879337,3.0
1.9656780132390903,2.0
1.965722022399044,3.0
1.9657234196559017,2.0
1.96572522168948,3.0
1.965852865684572,2.0
1.965906865139421,3.0
1.9659441143836942,2.0
1.9659880002554087,3.0
1.9662178097139957,2.0
1.9662362156635846,3.0
1.9663045110519926,2.0
1.9663657450131236,3.0
1.9665900911216794,2.0
1.9666677991275092,3.0
1.9667943193559518,2.0
1.966797338843763,3.0
1.9668098147916029,2.0
1.9668520057234722,3.0
1.9668646180123692,2.0
1.966869965303221,3.0
1.9668862272426635,2.0
1.9669039323904975,3.0
1.9672021833969422,2.0
1.9673549677714404,3.0
1.9674034350059173,2.0
1.967416861629943,3.0
1.9674231514136078,2.0
1.9674617985436036,3.0
1.9675763766804337,2.0
1.967773312910174,3.0
1.9678256518935622,2.0
1.96787019187169,3.0
1.9678938908429697,2.0
1.968014841389471,3.0
1.968067615842196,2.0
1.9681995515274062,3.0
1.9682036798842115,2.0
1.9682097808631007,3.0
1.9684272199333628,2.0
1.968461782010688,3.0
1.9686869365633526,2.0
1.9690444580404272,3.0
1.9691031672159367,2.0
1.969110085527002,3.0
1.969329668307105,2.0
1.9693656568342037,3.0
1.9693965002058287,2.0
1.9694860083444503,3.0
1.969488072715341,2.0
1.9696206353767796,3.0
1.9696230419889469,2.0
1.9697009249335455,3.0
1.9697192555753542,2.0
1.96978632906219,3.0
1.9698331240086002,2.0
1.9698414931459847,3.0
1.9700023611628525,2.0
1.9700547101720365,3.0
1.9700694088705426,2.0
1.9700699779578912,3.0
1.9701144142518263,2.0
1.9702057365400587,3.0
1.9702085232148674,2.0
1.9702273567480904,3.0
1.9702895628765602,2.0
1.9703122144854182,3.0
1.9704682636363462,2.0
1.9705325070756559,3.0
1.9705543589825976,2.0
1.9707435436575491,3.0
1.970923154809158,2.0
1.971017899629105,3.0
1.97108867507731,2.0
1.97843831309605,0.0
1.9789342026866286,1.4142135623730951
1.9791490997763717,0.0
1.9795235712443642,1.4142135623730951
1.9803637874431996,1.4142135623730951
1.9830080285079335,1.4142135623730951
1.98422968723696,0.0
1.9843227579307428,1.4142135623730951
1.9843377196284722,0.0
1.987818919161966,1.4142135623730951
1.988472864303862,0.0
1.9890395618728292,1.4142135623730951
1.9905063575168547,1.4142135623730951
1.992829978247512,1.4142135623730951
1.9936973806706408,0.0
1.9938297145859527,1.4142135623730951
1.9952731121182685,0.0
1.999186838596566,1.4142135623730951
1.9992774675254692,0.0
